2026-06-17 12:44:54,481 - INFO - Initiating authenticated API query for payload category: 'Developer'
2026-06-17 12:44:58,752 - INFO - Pipeline executed successfully. Saved 20 clean JSON objects to data/raw/api_jobs_20260617_124458.json
2026-06-17 10:11:45,946 - INFO - Initiating authenticated API query for payload category: 'Developer'
2026-06-17 10:11:49,196 - INFO - Pipeline executed successfully. Saved 20 clean JSON objects to data/raw/api_jobs_20260617_101149.json
2026-06-18 02:15:07,314 - INFO - Initiating authenticated API query for payload category: 'Developer'
2026-06-18 02:15:09,727 - INFO - Pipeline executed successfully. Saved 20 clean JSON objects to data/raw/api_jobs_20260618_021509.json
2026-06-19 02:43:58,750 - INFO - Initiating authenticated API query for payload category: 'Developer'
2026-06-19 02:44:02,191 - INFO - Pipeline executed successfully. Saved 20 clean JSON objects to data/raw/api_jobs_20260619_024402.json
2026-06-20 02:04:01,553 - INFO - Initiating authenticated API query for payload category: 'Developer'
2026-06-20 02:04:06,294 - INFO - Pipeline executed successfully. Saved 20 clean JSON objects to data/raw/api_jobs_20260620_020406.json
2026-06-21 02:16:12,044 - INFO - Initiating authenticated API query for payload category: 'Developer'
2026-06-21 02:16:15,715 - INFO - Pipeline executed successfully. Saved 20 clean JSON objects to data/raw/api_jobs_20260621_021615.json
2026-06-22 02:30:53,054 - INFO - Initiating authenticated API query for payload category: 'Developer'
2026-06-22 02:30:55,311 - INFO - Pipeline executed successfully. Saved 20 clean JSON objects to data/raw/api_jobs_20260622_023055.json
2026-06-23 01:58:01,872 - INFO - Initiating authenticated API query for payload category: 'Developer'
2026-06-23 01:58:05,151 - INFO - Pipeline executed successfully. Saved 20 clean JSON objects to data/raw/api_jobs_20260623_015805.json
2026-06-24 01:58:10,878 - INFO - Initiating authenticated API query for payload category: 'Developer'
2026-06-24 01:58:13,222 - INFO - Pipeline executed successfully. Saved 20 clean JSON objects to data/raw/api_jobs_20260624_015813.json
2026-06-25 02:00:41,517 - INFO - Initiating authenticated API query for payload category: 'Developer'
2026-06-25 02:00:45,616 - INFO - Pipeline executed successfully. Saved 20 clean JSON objects to data/raw/api_jobs_20260625_020045.json
2026-06-26 02:02:25,720 - INFO - Initiating authenticated API query for payload category: 'Developer'
2026-06-26 02:02:29,147 - INFO - Pipeline executed successfully. Saved 20 clean JSON objects to data/raw/api_jobs_20260626_020229.json
2026-06-27 01:56:23,321 - INFO - Initiating authenticated API query for payload category: 'Developer'
2026-06-27 01:56:25,683 - INFO - Pipeline executed successfully. Saved 20 clean JSON objects to data/raw/api_jobs_20260627_015625.json
2026-06-28 02:07:01,526 - INFO - Initiating authenticated API query for payload category: 'Developer'
2026-06-28 02:07:03,307 - INFO - Pipeline executed successfully. Saved 20 clean JSON objects to data/raw/api_jobs_20260628_020703.json
2026-06-29 02:06:59,654 - INFO - Initiating authenticated API query for payload category: 'Developer'
2026-06-29 02:07:02,534 - INFO - Pipeline executed successfully. Saved 20 clean JSON objects to data/raw/api_jobs_20260629_020702.json
2026-06-30 02:01:19,431 - INFO - Initiating authenticated API query for payload category: 'Developer'
2026-06-30 02:01:23,273 - INFO - Pipeline executed successfully. Saved 20 clean JSON objects to data/raw/api_jobs_20260630_020123.json
2026-07-01 02:07:07,881 - INFO - Initiating authenticated API query for payload category: 'Developer'
2026-07-01 02:07:11,456 - INFO - Pipeline executed successfully. Saved 20 clean JSON objects to data/raw/api_jobs_20260701_020711.json
2026-07-02 02:00:07,322 - INFO - Initiating authenticated API query for payload category: 'Developer'
2026-07-02 02:00:07,634 - ERROR - HTTP Connection Blocked: 503 Server Error: Service Temporarily Unavailable for url: https://api.adzuna.com/v1/api/jobs/in/search/1?app_id=91538a0c&app_key=48ef784ab8511ecfc1ad8b771e41346b&results_per_page=20&what=Developer&content-type=application%2Fjson
2026-07-02 02:00:10,292 - WARNING - Empty or malformed payload provided. Aborting transformation.
2026-07-03 01:31:36,814 - INFO - Initiating authenticated API query for payload category: 'Developer'
2026-07-03 01:31:39,632 - INFO - Pipeline executed successfully. Saved 20 clean JSON objects to data/raw/api_jobs_20260703_013139.json
2026-07-04 01:30:47,146 - INFO - Initiating authenticated API query for payload category: 'Developer'
2026-07-04 01:30:48,907 - INFO - Pipeline executed successfully. Saved 20 clean JSON objects to data/raw/api_jobs_20260704_013048.json
2026-07-05 01:46:20,239 - INFO - Querying Adzuna API for country='in', page=1, keyword='Developer'
2026-07-05 01:46:20,952 - INFO - Fetched and processed 20 records for country='in', keyword='Developer', page=1
2026-07-05 01:46:22,211 - INFO - Querying Adzuna API for country='in', page=2, keyword='Developer'
2026-07-05 01:46:22,885 - INFO - Fetched and processed 20 records for country='in', keyword='Developer', page=2
2026-07-05 01:46:24,356 - INFO - Querying Adzuna API for country='in', page=1, keyword='Data Analyst'
2026-07-05 01:46:24,911 - INFO - Fetched and processed 20 records for country='in', keyword='Data Analyst', page=1
2026-07-05 01:46:26,278 - INFO - Querying Adzuna API for country='in', page=2, keyword='Data Analyst'
2026-07-05 01:46:26,908 - INFO - Fetched and processed 20 records for country='in', keyword='Data Analyst', page=2
2026-07-05 01:46:28,158 - INFO - Querying Adzuna API for country='in', page=1, keyword='Data Scientist'
2026-07-05 01:46:28,768 - INFO - Fetched and processed 20 records for country='in', keyword='Data Scientist', page=1
2026-07-05 01:46:30,508 - INFO - Querying Adzuna API for country='in', page=2, keyword='Data Scientist'
2026-07-05 01:46:31,157 - INFO - Fetched and processed 20 records for country='in', keyword='Data Scientist', page=2
2026-07-05 01:46:33,110 - INFO - Querying Adzuna API for country='in', page=1, keyword='Business Analyst'
2026-07-05 01:46:33,691 - INFO - Fetched and processed 20 records for country='in', keyword='Business Analyst', page=1
2026-07-05 01:46:35,134 - INFO - Querying Adzuna API for country='in', page=2, keyword='Business Analyst'
2026-07-05 01:46:35,747 - INFO - Fetched and processed 20 records for country='in', keyword='Business Analyst', page=2
2026-07-05 01:46:36,998 - INFO - Querying Adzuna API for country='in', page=1, keyword='Data Engineer'
2026-07-05 01:46:37,529 - INFO - Fetched and processed 20 records for country='in', keyword='Data Engineer', page=1
2026-07-05 01:46:39,513 - INFO - Querying Adzuna API for country='in', page=2, keyword='Data Engineer'
2026-07-05 01:46:40,012 - INFO - Fetched and processed 20 records for country='in', keyword='Data Engineer', page=2
2026-07-05 01:46:41,376 - INFO - Querying Adzuna API for country='gb', page=1, keyword='Developer'
2026-07-05 01:46:42,181 - INFO - Fetched and processed 20 records for country='gb', keyword='Developer', page=1
2026-07-05 01:46:43,644 - INFO - Querying Adzuna API for country='gb', page=2, keyword='Developer'
2026-07-05 01:46:44,392 - INFO - Fetched and processed 20 records for country='gb', keyword='Developer', page=2
2026-07-05 01:46:45,942 - INFO - Querying Adzuna API for country='gb', page=1, keyword='Data Analyst'
2026-07-05 01:46:46,454 - INFO - Fetched and processed 20 records for country='gb', keyword='Data Analyst', page=1
2026-07-05 01:46:47,531 - INFO - Querying Adzuna API for country='gb', page=2, keyword='Data Analyst'
2026-07-05 01:46:48,017 - INFO - Fetched and processed 20 records for country='gb', keyword='Data Analyst', page=2
2026-07-05 01:46:49,172 - INFO - Querying Adzuna API for country='gb', page=1, keyword='Data Scientist'
2026-07-05 01:46:49,618 - INFO - Fetched and processed 20 records for country='gb', keyword='Data Scientist', page=1
2026-07-05 01:46:51,168 - INFO - Querying Adzuna API for country='gb', page=2, keyword='Data Scientist'
2026-07-05 01:46:51,757 - INFO - Fetched and processed 20 records for country='gb', keyword='Data Scientist', page=2
2026-07-05 01:46:53,569 - INFO - Querying Adzuna API for country='gb', page=1, keyword='Business Analyst'
2026-07-05 01:46:54,118 - INFO - Fetched and processed 20 records for country='gb', keyword='Business Analyst', page=1
2026-07-05 01:46:55,272 - INFO - Querying Adzuna API for country='gb', page=2, keyword='Business Analyst'
2026-07-05 01:46:55,866 - INFO - Fetched and processed 20 records for country='gb', keyword='Business Analyst', page=2
2026-07-05 01:46:57,079 - INFO - Querying Adzuna API for country='gb', page=1, keyword='Data Engineer'
2026-07-05 01:46:57,598 - INFO - Fetched and processed 20 records for country='gb', keyword='Data Engineer', page=1
2026-07-05 01:46:59,568 - INFO - Querying Adzuna API for country='gb', page=2, keyword='Data Engineer'
2026-07-05 01:47:00,143 - INFO - Fetched and processed 20 records for country='gb', keyword='Data Engineer', page=2
2026-07-05 01:47:02,091 - INFO - Pipeline executed successfully. Saved 400 JSON objects to data/raw/api_jobs_20260705_014702.json
2026-07-06 01:53:04,879 - INFO - Querying Adzuna API for country='in', page=1, keyword='Developer'
2026-07-06 01:53:05,360 - INFO - Fetched and processed 20 records for country='in', keyword='Developer', page=1
2026-07-06 01:53:07,118 - INFO - Querying Adzuna API for country='in', page=2, keyword='Developer'
2026-07-06 01:53:07,466 - INFO - Fetched and processed 20 records for country='in', keyword='Developer', page=2
2026-07-06 01:53:09,251 - INFO - Querying Adzuna API for country='in', page=1, keyword='Data Analyst'
2026-07-06 01:53:09,684 - INFO - Fetched and processed 20 records for country='in', keyword='Data Analyst', page=1
2026-07-06 01:53:11,070 - INFO - Querying Adzuna API for country='in', page=2, keyword='Data Analyst'
2026-07-06 01:53:11,470 - INFO - Fetched and processed 20 records for country='in', keyword='Data Analyst', page=2
2026-07-06 01:53:13,200 - INFO - Querying Adzuna API for country='in', page=1, keyword='Data Scientist'
2026-07-06 01:53:13,623 - INFO - Fetched and processed 20 records for country='in', keyword='Data Scientist', page=1
2026-07-06 01:53:15,528 - INFO - Querying Adzuna API for country='in', page=2, keyword='Data Scientist'
2026-07-06 01:53:15,932 - INFO - Fetched and processed 20 records for country='in', keyword='Data Scientist', page=2
2026-07-06 01:53:17,020 - INFO - Querying Adzuna API for country='in', page=1, keyword='Business Analyst'
2026-07-06 01:53:17,465 - INFO - Fetched and processed 20 records for country='in', keyword='Business Analyst', page=1
2026-07-06 01:53:18,901 - INFO - Querying Adzuna API for country='in', page=2, keyword='Business Analyst'
2026-07-06 01:53:19,390 - INFO - Fetched and processed 20 records for country='in', keyword='Business Analyst', page=2
2026-07-06 01:53:21,213 - INFO - Querying Adzuna API for country='in', page=1, keyword='Data Engineer'
2026-07-06 01:53:21,643 - INFO - Fetched and processed 20 records for country='in', keyword='Data Engineer', page=1
2026-07-06 01:53:22,829 - INFO - Querying Adzuna API for country='in', page=2, keyword='Data Engineer'
2026-07-06 01:53:23,319 - INFO - Fetched and processed 20 records for country='in', keyword='Data Engineer', page=2
2026-07-06 01:53:24,523 - INFO - Querying Adzuna API for country='gb', page=1, keyword='Developer'
2026-07-06 01:53:25,052 - INFO - Fetched and processed 20 records for country='gb', keyword='Developer', page=1
2026-07-06 01:53:26,743 - INFO - Querying Adzuna API for country='gb', page=2, keyword='Developer'
2026-07-06 01:53:27,306 - INFO - Fetched and processed 20 records for country='gb', keyword='Developer', page=2
2026-07-06 01:53:28,394 - INFO - Querying Adzuna API for country='gb', page=1, keyword='Data Analyst'
2026-07-06 01:53:28,892 - INFO - Fetched and processed 20 records for country='gb', keyword='Data Analyst', page=1
2026-07-06 01:53:30,444 - INFO - Querying Adzuna API for country='gb', page=2, keyword='Data Analyst'
2026-07-06 01:53:30,878 - INFO - Fetched and processed 20 records for country='gb', keyword='Data Analyst', page=2
2026-07-06 01:53:32,605 - INFO - Querying Adzuna API for country='gb', page=1, keyword='Data Scientist'
2026-07-06 01:53:33,084 - INFO - Fetched and processed 20 records for country='gb', keyword='Data Scientist', page=1
2026-07-06 01:53:35,017 - INFO - Querying Adzuna API for country='gb', page=2, keyword='Data Scientist'
2026-07-06 01:53:35,466 - INFO - Fetched and processed 20 records for country='gb', keyword='Data Scientist', page=2
2026-07-06 01:53:36,625 - INFO - Querying Adzuna API for country='gb', page=1, keyword='Business Analyst'
2026-07-06 01:53:36,977 - INFO - Fetched and processed 20 records for country='gb', keyword='Business Analyst', page=1
2026-07-06 01:53:38,519 - INFO - Querying Adzuna API for country='gb', page=2, keyword='Business Analyst'
2026-07-06 01:53:38,951 - INFO - Fetched and processed 20 records for country='gb', keyword='Business Analyst', page=2
2026-07-06 01:53:40,794 - INFO - Querying Adzuna API for country='gb', page=1, keyword='Data Engineer'
2026-07-06 01:53:41,201 - INFO - Fetched and processed 20 records for country='gb', keyword='Data Engineer', page=1
2026-07-06 01:53:42,641 - INFO - Querying Adzuna API for country='gb', page=2, keyword='Data Engineer'
2026-07-06 01:53:43,077 - INFO - Fetched and processed 20 records for country='gb', keyword='Data Engineer', page=2
2026-07-06 01:53:44,589 - INFO - Pipeline executed successfully. Saved 400 JSON objects to data/raw/api_jobs_20260706_015344.json
2026-07-07 01:50:14,271 - INFO - Querying Adzuna API for country='in', page=1, keyword='Developer'
2026-07-07 01:50:14,998 - INFO - Fetched and processed 20 records for country='in', keyword='Developer', page=1
2026-07-07 01:50:16,156 - INFO - Querying Adzuna API for country='in', page=2, keyword='Developer'
2026-07-07 01:50:16,683 - INFO - Fetched and processed 20 records for country='in', keyword='Developer', page=2
2026-07-07 01:50:17,888 - INFO - Querying Adzuna API for country='in', page=1, keyword='Data Analyst'
2026-07-07 01:50:18,417 - INFO - Fetched and processed 20 records for country='in', keyword='Data Analyst', page=1
2026-07-07 01:50:20,148 - INFO - Querying Adzuna API for country='in', page=2, keyword='Data Analyst'
2026-07-07 01:50:20,621 - INFO - Fetched and processed 20 records for country='in', keyword='Data Analyst', page=2
2026-07-07 01:50:22,221 - INFO - Querying Adzuna API for country='in', page=1, keyword='Data Scientist'
2026-07-07 01:50:22,807 - INFO - Fetched and processed 20 records for country='in', keyword='Data Scientist', page=1
2026-07-07 01:50:24,757 - INFO - Querying Adzuna API for country='in', page=2, keyword='Data Scientist'
2026-07-07 01:50:25,342 - INFO - Fetched and processed 20 records for country='in', keyword='Data Scientist', page=2
2026-07-07 01:50:26,687 - INFO - Querying Adzuna API for country='in', page=1, keyword='Business Analyst'
2026-07-07 01:50:27,260 - INFO - Fetched and processed 20 records for country='in', keyword='Business Analyst', page=1
2026-07-07 01:50:28,605 - INFO - Querying Adzuna API for country='in', page=2, keyword='Business Analyst'
2026-07-07 01:50:29,189 - INFO - Fetched and processed 20 records for country='in', keyword='Business Analyst', page=2
2026-07-07 01:50:31,075 - INFO - Querying Adzuna API for country='in', page=1, keyword='Data Engineer'
2026-07-07 01:50:31,577 - INFO - Fetched and processed 20 records for country='in', keyword='Data Engineer', page=1
2026-07-07 01:50:33,415 - INFO - Querying Adzuna API for country='in', page=2, keyword='Data Engineer'
2026-07-07 01:50:33,950 - INFO - Fetched and processed 20 records for country='in', keyword='Data Engineer', page=2
2026-07-07 01:50:35,478 - INFO - Querying Adzuna API for country='gb', page=1, keyword='Developer'
2026-07-07 01:50:36,210 - INFO - Fetched and processed 20 records for country='gb', keyword='Developer', page=1
2026-07-07 01:50:37,623 - INFO - Querying Adzuna API for country='gb', page=2, keyword='Developer'
2026-07-07 01:50:38,225 - INFO - Fetched and processed 20 records for country='gb', keyword='Developer', page=2
2026-07-07 01:50:39,385 - INFO - Querying Adzuna API for country='gb', page=1, keyword='Data Analyst'
2026-07-07 01:50:39,893 - INFO - Fetched and processed 20 records for country='gb', keyword='Data Analyst', page=1
2026-07-07 01:50:41,420 - INFO - Querying Adzuna API for country='gb', page=2, keyword='Data Analyst'
2026-07-07 01:50:41,929 - INFO - Fetched and processed 20 records for country='gb', keyword='Data Analyst', page=2
2026-07-07 01:50:43,715 - INFO - Querying Adzuna API for country='gb', page=1, keyword='Data Scientist'
2026-07-07 01:50:44,272 - INFO - Fetched and processed 20 records for country='gb', keyword='Data Scientist', page=1
2026-07-07 01:50:45,616 - INFO - Querying Adzuna API for country='gb', page=2, keyword='Data Scientist'
2026-07-07 01:50:46,244 - INFO - Fetched and processed 20 records for country='gb', keyword='Data Scientist', page=2
2026-07-07 01:50:47,959 - INFO - Querying Adzuna API for country='gb', page=1, keyword='Business Analyst'
2026-07-07 01:50:48,441 - INFO - Fetched and processed 20 records for country='gb', keyword='Business Analyst', page=1
2026-07-07 01:50:49,866 - INFO - Querying Adzuna API for country='gb', page=2, keyword='Business Analyst'
2026-07-07 01:50:50,363 - INFO - Fetched and processed 20 records for country='gb', keyword='Business Analyst', page=2
2026-07-07 01:50:51,485 - INFO - Querying Adzuna API for country='gb', page=1, keyword='Data Engineer'
2026-07-07 01:50:51,960 - INFO - Fetched and processed 20 records for country='gb', keyword='Data Engineer', page=1
2026-07-07 01:50:53,928 - INFO - Querying Adzuna API for country='gb', page=2, keyword='Data Engineer'
2026-07-07 01:50:54,421 - INFO - Fetched and processed 20 records for country='gb', keyword='Data Engineer', page=2
2026-07-07 01:50:56,348 - INFO - Pipeline executed successfully. Saved 400 JSON objects to data/raw/api_jobs_20260707_015056.json
2026-07-08 01:21:40,185 - INFO - Querying Adzuna API for country='in', page=1, keyword='Developer'
2026-07-08 01:21:40,956 - INFO - Fetched and processed 20 records for country='in', keyword='Developer', page=1
2026-07-08 01:21:42,198 - INFO - Querying Adzuna API for country='in', page=2, keyword='Developer'
2026-07-08 01:21:42,864 - INFO - Fetched and processed 20 records for country='in', keyword='Developer', page=2
2026-07-08 01:21:44,527 - INFO - Querying Adzuna API for country='in', page=1, keyword='Data Analyst'
2026-07-08 01:21:45,178 - INFO - Fetched and processed 20 records for country='in', keyword='Data Analyst', page=1
2026-07-08 01:21:47,153 - INFO - Querying Adzuna API for country='in', page=2, keyword='Data Analyst'
2026-07-08 01:21:47,814 - INFO - Fetched and processed 20 records for country='in', keyword='Data Analyst', page=2
2026-07-08 01:21:48,883 - INFO - Querying Adzuna API for country='in', page=1, keyword='Data Scientist'
2026-07-08 01:21:49,418 - INFO - Fetched and processed 20 records for country='in', keyword='Data Scientist', page=1
2026-07-08 01:21:51,396 - INFO - Querying Adzuna API for country='in', page=2, keyword='Data Scientist'
2026-07-08 01:21:52,000 - INFO - Fetched and processed 20 records for country='in', keyword='Data Scientist', page=2
2026-07-08 01:21:53,317 - INFO - Querying Adzuna API for country='in', page=1, keyword='Business Analyst'
2026-07-08 01:21:53,864 - INFO - Fetched and processed 20 records for country='in', keyword='Business Analyst', page=1
2026-07-08 01:21:55,538 - INFO - Querying Adzuna API for country='in', page=2, keyword='Business Analyst'
2026-07-08 01:21:56,178 - INFO - Fetched and processed 20 records for country='in', keyword='Business Analyst', page=2
2026-07-08 01:21:58,005 - INFO - Querying Adzuna API for country='in', page=1, keyword='Data Engineer'
2026-07-08 01:21:58,755 - INFO - Fetched and processed 20 records for country='in', keyword='Data Engineer', page=1
2026-07-08 01:22:00,732 - INFO - Querying Adzuna API for country='in', page=2, keyword='Data Engineer'
2026-07-08 01:22:01,443 - INFO - Fetched and processed 20 records for country='in', keyword='Data Engineer', page=2
2026-07-08 01:22:03,249 - INFO - Querying Adzuna API for country='gb', page=1, keyword='Developer'
2026-07-08 01:22:04,033 - INFO - Fetched and processed 20 records for country='gb', keyword='Developer', page=1
2026-07-08 01:22:05,665 - INFO - Querying Adzuna API for country='gb', page=2, keyword='Developer'
2026-07-08 01:22:06,389 - INFO - Fetched and processed 20 records for country='gb', keyword='Developer', page=2
2026-07-08 01:22:08,287 - INFO - Querying Adzuna API for country='gb', page=1, keyword='Data Analyst'
2026-07-08 01:22:08,955 - INFO - Fetched and processed 20 records for country='gb', keyword='Data Analyst', page=1
2026-07-08 01:22:10,232 - INFO - Querying Adzuna API for country='gb', page=2, keyword='Data Analyst'
2026-07-08 01:22:10,924 - INFO - Fetched and processed 20 records for country='gb', keyword='Data Analyst', page=2
2026-07-08 01:22:12,147 - INFO - Querying Adzuna API for country='gb', page=1, keyword='Data Scientist'
2026-07-08 01:22:12,838 - INFO - Fetched and processed 20 records for country='gb', keyword='Data Scientist', page=1
2026-07-08 01:22:14,625 - INFO - Querying Adzuna API for country='gb', page=2, keyword='Data Scientist'
2026-07-08 01:22:15,359 - INFO - Fetched and processed 20 records for country='gb', keyword='Data Scientist', page=2
2026-07-08 01:22:17,112 - INFO - Querying Adzuna API for country='gb', page=1, keyword='Business Analyst'
2026-07-08 01:22:17,794 - INFO - Fetched and processed 20 records for country='gb', keyword='Business Analyst', page=1
2026-07-08 01:22:18,847 - INFO - Querying Adzuna API for country='gb', page=2, keyword='Business Analyst'
2026-07-08 01:22:19,483 - INFO - Fetched and processed 20 records for country='gb', keyword='Business Analyst', page=2
2026-07-08 01:22:20,497 - INFO - Querying Adzuna API for country='gb', page=1, keyword='Data Engineer'
2026-07-08 01:22:21,081 - INFO - Fetched and processed 20 records for country='gb', keyword='Data Engineer', page=1
2026-07-08 01:22:22,583 - INFO - Querying Adzuna API for country='gb', page=2, keyword='Data Engineer'
2026-07-08 01:22:23,161 - INFO - Fetched and processed 20 records for country='gb', keyword='Data Engineer', page=2
2026-07-08 01:22:24,325 - INFO - Pipeline executed successfully. Saved 400 JSON objects to data/raw/api_jobs_20260708_012224.json
2026-07-09 01:29:35,825 - INFO - Querying Adzuna API for country='in', page=1, keyword='Developer'
2026-07-09 01:29:36,248 - INFO - Fetched and processed 20 records for country='in', keyword='Developer', page=1
2026-07-09 01:29:37,371 - INFO - Querying Adzuna API for country='in', page=2, keyword='Developer'
2026-07-09 01:29:37,697 - INFO - Fetched and processed 20 records for country='in', keyword='Developer', page=2
2026-07-09 01:29:38,915 - INFO - Querying Adzuna API for country='in', page=1, keyword='Data Analyst'
2026-07-09 01:29:39,264 - INFO - Fetched and processed 20 records for country='in', keyword='Data Analyst', page=1
2026-07-09 01:29:40,353 - INFO - Querying Adzuna API for country='in', page=2, keyword='Data Analyst'
2026-07-09 01:29:40,688 - INFO - Fetched and processed 20 records for country='in', keyword='Data Analyst', page=2
2026-07-09 01:29:42,675 - INFO - Querying Adzuna API for country='in', page=1, keyword='Data Scientist'
2026-07-09 01:29:43,044 - INFO - Fetched and processed 20 records for country='in', keyword='Data Scientist', page=1
2026-07-09 01:29:44,292 - INFO - Querying Adzuna API for country='in', page=2, keyword='Data Scientist'
2026-07-09 01:29:44,573 - INFO - Fetched and processed 20 records for country='in', keyword='Data Scientist', page=2
2026-07-09 01:29:46,161 - INFO - Querying Adzuna API for country='in', page=1, keyword='Business Analyst'
2026-07-09 01:29:46,487 - INFO - Fetched and processed 20 records for country='in', keyword='Business Analyst', page=1
2026-07-09 01:29:48,032 - INFO - Querying Adzuna API for country='in', page=2, keyword='Business Analyst'
2026-07-09 01:29:48,336 - INFO - Fetched and processed 20 records for country='in', keyword='Business Analyst', page=2
2026-07-09 01:29:49,757 - INFO - Querying Adzuna API for country='in', page=1, keyword='Data Engineer'
2026-07-09 01:29:50,026 - INFO - Fetched and processed 20 records for country='in', keyword='Data Engineer', page=1
2026-07-09 01:29:51,079 - INFO - Querying Adzuna API for country='in', page=2, keyword='Data Engineer'
2026-07-09 01:29:51,425 - INFO - Fetched and processed 20 records for country='in', keyword='Data Engineer', page=2
2026-07-09 01:29:53,181 - INFO - Querying Adzuna API for country='gb', page=1, keyword='Developer'
2026-07-09 01:29:53,603 - INFO - Fetched and processed 20 records for country='gb', keyword='Developer', page=1
2026-07-09 01:29:55,203 - INFO - Querying Adzuna API for country='gb', page=2, keyword='Developer'
2026-07-09 01:29:55,651 - INFO - Fetched and processed 20 records for country='gb', keyword='Developer', page=2
2026-07-09 01:29:57,077 - INFO - Querying Adzuna API for country='gb', page=1, keyword='Data Analyst'
2026-07-09 01:29:57,471 - INFO - Fetched and processed 20 records for country='gb', keyword='Data Analyst', page=1
2026-07-09 01:29:59,452 - INFO - Querying Adzuna API for country='gb', page=2, keyword='Data Analyst'
2026-07-09 01:29:59,770 - INFO - Fetched and processed 20 records for country='gb', keyword='Data Analyst', page=2
2026-07-09 01:30:01,092 - INFO - Querying Adzuna API for country='gb', page=1, keyword='Data Scientist'
2026-07-09 01:30:01,825 - INFO - Fetched and processed 20 records for country='gb', keyword='Data Scientist', page=1
2026-07-09 01:30:03,068 - INFO - Querying Adzuna API for country='gb', page=2, keyword='Data Scientist'
2026-07-09 01:30:08,780 - INFO - Fetched and processed 20 records for country='gb', keyword='Data Scientist', page=2
2026-07-09 01:30:10,140 - INFO - Querying Adzuna API for country='gb', page=1, keyword='Business Analyst'
2026-07-09 01:30:10,221 - ERROR - HTTP Connection Blocked: 503 Server Error: Service Temporarily Unavailable for url: https://api.adzuna.com/v1/api/jobs/gb/search/1?app_id=91538a0c&app_key=48ef784ab8511ecfc1ad8b771e41346b&results_per_page=20&what=Business+Analyst&content-type=application%2Fjson
2026-07-09 01:30:11,622 - INFO - Querying Adzuna API for country='gb', page=2, keyword='Business Analyst'
2026-07-09 01:30:15,987 - INFO - Fetched and processed 20 records for country='gb', keyword='Business Analyst', page=2
2026-07-09 01:30:17,274 - INFO - Querying Adzuna API for country='gb', page=1, keyword='Data Engineer'
2026-07-09 01:30:18,574 - INFO - Fetched and processed 20 records for country='gb', keyword='Data Engineer', page=1
2026-07-09 01:30:19,756 - INFO - Querying Adzuna API for country='gb', page=2, keyword='Data Engineer'
2026-07-09 01:30:20,644 - INFO - Fetched and processed 20 records for country='gb', keyword='Data Engineer', page=2
2026-07-09 01:30:21,793 - INFO - Pipeline executed successfully. Saved 380 JSON objects to data/raw/api_jobs_20260709_013021.json
2026-07-10 01:27:12,814 - INFO - Querying Adzuna API for country='in', page=1, keyword='Developer'
2026-07-10 01:27:13,637 - INFO - Fetched and processed 20 records for country='in', keyword='Developer', page=1
2026-07-10 01:27:15,039 - INFO - Querying Adzuna API for country='in', page=2, keyword='Developer'
2026-07-10 01:27:15,577 - INFO - Fetched and processed 20 records for country='in', keyword='Developer', page=2
2026-07-10 01:27:16,662 - INFO - Querying Adzuna API for country='in', page=1, keyword='Data Analyst'
2026-07-10 01:27:17,195 - INFO - Fetched and processed 20 records for country='in', keyword='Data Analyst', page=1
2026-07-10 01:27:18,342 - INFO - Querying Adzuna API for country='in', page=2, keyword='Data Analyst'
2026-07-10 01:27:18,839 - INFO - Fetched and processed 20 records for country='in', keyword='Data Analyst', page=2
2026-07-10 01:27:19,883 - INFO - Querying Adzuna API for country='in', page=1, keyword='Data Scientist'
2026-07-10 01:27:20,330 - INFO - Fetched and processed 20 records for country='in', keyword='Data Scientist', page=1
2026-07-10 01:27:21,343 - INFO - Querying Adzuna API for country='in', page=2, keyword='Data Scientist'
2026-07-10 01:27:21,777 - INFO - Fetched and processed 20 records for country='in', keyword='Data Scientist', page=2
2026-07-10 01:27:23,502 - INFO - Querying Adzuna API for country='in', page=1, keyword='Business Analyst'
2026-07-10 01:27:23,981 - INFO - Fetched and processed 20 records for country='in', keyword='Business Analyst', page=1
2026-07-10 01:27:25,465 - INFO - Querying Adzuna API for country='in', page=2, keyword='Business Analyst'
2026-07-10 01:27:25,929 - INFO - Fetched and processed 20 records for country='in', keyword='Business Analyst', page=2
2026-07-10 01:27:27,463 - INFO - Querying Adzuna API for country='in', page=1, keyword='Data Engineer'
2026-07-10 01:27:28,069 - INFO - Fetched and processed 20 records for country='in', keyword='Data Engineer', page=1
2026-07-10 01:27:29,662 - INFO - Querying Adzuna API for country='in', page=2, keyword='Data Engineer'
2026-07-10 01:27:30,139 - INFO - Fetched and processed 20 records for country='in', keyword='Data Engineer', page=2
2026-07-10 01:27:31,736 - INFO - Querying Adzuna API for country='gb', page=1, keyword='Developer'
2026-07-10 01:27:32,329 - INFO - Fetched and processed 20 records for country='gb', keyword='Developer', page=1
2026-07-10 01:27:33,903 - INFO - Querying Adzuna API for country='gb', page=2, keyword='Developer'
2026-07-10 01:27:34,597 - INFO - Fetched and processed 20 records for country='gb', keyword='Developer', page=2
2026-07-10 01:27:35,808 - INFO - Querying Adzuna API for country='gb', page=1, keyword='Data Analyst'
2026-07-10 01:27:36,252 - INFO - Fetched and processed 20 records for country='gb', keyword='Data Analyst', page=1
2026-07-10 01:27:37,789 - INFO - Querying Adzuna API for country='gb', page=2, keyword='Data Analyst'
2026-07-10 01:27:38,342 - INFO - Fetched and processed 20 records for country='gb', keyword='Data Analyst', page=2
2026-07-10 01:27:39,948 - INFO - Querying Adzuna API for country='gb', page=1, keyword='Data Scientist'
2026-07-10 01:27:40,581 - INFO - Fetched and processed 20 records for country='gb', keyword='Data Scientist', page=1
2026-07-10 01:27:42,205 - INFO - Querying Adzuna API for country='gb', page=2, keyword='Data Scientist'
2026-07-10 01:27:42,748 - INFO - Fetched and processed 20 records for country='gb', keyword='Data Scientist', page=2
2026-07-10 01:27:44,041 - INFO - Querying Adzuna API for country='gb', page=1, keyword='Business Analyst'
2026-07-10 01:27:44,757 - INFO - Fetched and processed 20 records for country='gb', keyword='Business Analyst', page=1
2026-07-10 01:27:46,354 - INFO - Querying Adzuna API for country='gb', page=2, keyword='Business Analyst'
2026-07-10 01:27:46,817 - INFO - Fetched and processed 20 records for country='gb', keyword='Business Analyst', page=2
2026-07-10 01:27:48,177 - INFO - Querying Adzuna API for country='gb', page=1, keyword='Data Engineer'
2026-07-10 01:27:48,610 - INFO - Fetched and processed 20 records for country='gb', keyword='Data Engineer', page=1
2026-07-10 01:27:50,351 - INFO - Querying Adzuna API for country='gb', page=2, keyword='Data Engineer'
2026-07-10 01:27:50,860 - INFO - Fetched and processed 20 records for country='gb', keyword='Data Engineer', page=2
2026-07-10 01:27:52,007 - INFO - Pipeline executed successfully. Saved 400 JSON objects to data/raw/api_jobs_20260710_012752.json
2026-07-11 01:20:34,860 - INFO - Querying Adzuna API for country='in', page=1, keyword='Developer'
2026-07-11 01:20:35,515 - INFO - Fetched and processed 20 records for country='in', keyword='Developer', page=1
2026-07-11 01:20:36,983 - INFO - Querying Adzuna API for country='in', page=2, keyword='Developer'
2026-07-11 01:20:37,312 - INFO - Fetched and processed 20 records for country='in', keyword='Developer', page=2
2026-07-11 01:20:38,446 - INFO - Querying Adzuna API for country='in', page=1, keyword='Data Analyst'
2026-07-11 01:20:38,846 - INFO - Fetched and processed 20 records for country='in', keyword='Data Analyst', page=1
2026-07-11 01:20:40,661 - INFO - Querying Adzuna API for country='in', page=2, keyword='Data Analyst'
2026-07-11 01:20:41,029 - INFO - Fetched and processed 20 records for country='in', keyword='Data Analyst', page=2
2026-07-11 01:20:42,792 - INFO - Querying Adzuna API for country='in', page=1, keyword='Data Scientist'
2026-07-11 01:20:43,104 - INFO - Fetched and processed 20 records for country='in', keyword='Data Scientist', page=1
2026-07-11 01:20:44,230 - INFO - Querying Adzuna API for country='in', page=2, keyword='Data Scientist'
2026-07-11 01:20:44,629 - INFO - Fetched and processed 20 records for country='in', keyword='Data Scientist', page=2
2026-07-11 01:20:45,764 - INFO - Querying Adzuna API for country='in', page=1, keyword='Business Analyst'
2026-07-11 01:20:46,222 - INFO - Fetched and processed 20 records for country='in', keyword='Business Analyst', page=1
2026-07-11 01:20:47,987 - INFO - Querying Adzuna API for country='in', page=2, keyword='Business Analyst'
2026-07-11 01:20:48,352 - INFO - Fetched and processed 20 records for country='in', keyword='Business Analyst', page=2
2026-07-11 01:20:49,463 - INFO - Querying Adzuna API for country='in', page=1, keyword='Data Engineer'
2026-07-11 01:20:49,778 - INFO - Fetched and processed 20 records for country='in', keyword='Data Engineer', page=1
2026-07-11 01:20:51,517 - INFO - Querying Adzuna API for country='in', page=2, keyword='Data Engineer'
2026-07-11 01:20:51,848 - INFO - Fetched and processed 20 records for country='in', keyword='Data Engineer', page=2
2026-07-11 01:20:53,042 - INFO - Querying Adzuna API for country='gb', page=1, keyword='Developer'
2026-07-11 01:20:53,495 - INFO - Fetched and processed 20 records for country='gb', keyword='Developer', page=1
2026-07-11 01:20:55,280 - INFO - Querying Adzuna API for country='gb', page=2, keyword='Developer'
2026-07-11 01:20:55,823 - INFO - Fetched and processed 20 records for country='gb', keyword='Developer', page=2
2026-07-11 01:20:57,179 - INFO - Querying Adzuna API for country='gb', page=1, keyword='Data Analyst'
2026-07-11 01:20:57,706 - INFO - Fetched and processed 20 records for country='gb', keyword='Data Analyst', page=1
2026-07-11 01:20:58,912 - INFO - Querying Adzuna API for country='gb', page=2, keyword='Data Analyst'
2026-07-11 01:20:59,318 - INFO - Fetched and processed 20 records for country='gb', keyword='Data Analyst', page=2
2026-07-11 01:21:00,364 - INFO - Querying Adzuna API for country='gb', page=1, keyword='Data Scientist'
2026-07-11 01:21:00,744 - INFO - Fetched and processed 20 records for country='gb', keyword='Data Scientist', page=1
2026-07-11 01:21:02,401 - INFO - Querying Adzuna API for country='gb', page=2, keyword='Data Scientist'
2026-07-11 01:21:03,042 - INFO - Fetched and processed 20 records for country='gb', keyword='Data Scientist', page=2
2026-07-11 01:21:04,482 - INFO - Querying Adzuna API for country='gb', page=1, keyword='Business Analyst'
2026-07-11 01:21:04,822 - INFO - Fetched and processed 20 records for country='gb', keyword='Business Analyst', page=1
2026-07-11 01:21:06,424 - INFO - Querying Adzuna API for country='gb', page=2, keyword='Business Analyst'
2026-07-11 01:21:06,787 - INFO - Fetched and processed 20 records for country='gb', keyword='Business Analyst', page=2
2026-07-11 01:21:08,196 - INFO - Querying Adzuna API for country='gb', page=1, keyword='Data Engineer'
2026-07-11 01:21:08,731 - INFO - Fetched and processed 20 records for country='gb', keyword='Data Engineer', page=1
2026-07-11 01:21:10,320 - INFO - Querying Adzuna API for country='gb', page=2, keyword='Data Engineer'
2026-07-11 01:21:10,741 - INFO - Fetched and processed 20 records for country='gb', keyword='Data Engineer', page=2
2026-07-11 01:21:12,067 - INFO - Pipeline executed successfully. Saved 400 JSON objects to data/raw/api_jobs_20260711_012112.json
2026-07-12 01:22:24,990 - INFO - Querying Adzuna API for country='in', page=1, keyword='Developer'
2026-07-12 01:22:25,589 - INFO - Fetched and processed 20 records for country='in', keyword='Developer', page=1
2026-07-12 01:22:26,771 - INFO - Querying Adzuna API for country='in', page=2, keyword='Developer'
2026-07-12 01:22:27,322 - INFO - Fetched and processed 20 records for country='in', keyword='Developer', page=2
2026-07-12 01:22:28,795 - INFO - Querying Adzuna API for country='in', page=1, keyword='Data Analyst'
2026-07-12 01:22:29,260 - INFO - Fetched and processed 20 records for country='in', keyword='Data Analyst', page=1
2026-07-12 01:22:30,312 - INFO - Querying Adzuna API for country='in', page=2, keyword='Data Analyst'
2026-07-12 01:22:30,848 - INFO - Fetched and processed 20 records for country='in', keyword='Data Analyst', page=2
2026-07-12 01:22:32,029 - INFO - Querying Adzuna API for country='in', page=1, keyword='Data Scientist'
2026-07-12 01:22:32,674 - INFO - Fetched and processed 20 records for country='in', keyword='Data Scientist', page=1
2026-07-12 01:22:34,299 - INFO - Querying Adzuna API for country='in', page=2, keyword='Data Scientist'
2026-07-12 01:22:34,772 - INFO - Fetched and processed 20 records for country='in', keyword='Data Scientist', page=2
2026-07-12 01:22:35,968 - INFO - Querying Adzuna API for country='in', page=1, keyword='Business Analyst'
2026-07-12 01:22:36,398 - INFO - Fetched and processed 20 records for country='in', keyword='Business Analyst', page=1
2026-07-12 01:22:38,088 - INFO - Querying Adzuna API for country='in', page=2, keyword='Business Analyst'
2026-07-12 01:22:38,576 - INFO - Fetched and processed 20 records for country='in', keyword='Business Analyst', page=2
2026-07-12 01:22:39,772 - INFO - Querying Adzuna API for country='in', page=1, keyword='Data Engineer'
2026-07-12 01:22:40,269 - INFO - Fetched and processed 20 records for country='in', keyword='Data Engineer', page=1
2026-07-12 01:22:41,677 - INFO - Querying Adzuna API for country='in', page=2, keyword='Data Engineer'
2026-07-12 01:22:42,131 - INFO - Fetched and processed 20 records for country='in', keyword='Data Engineer', page=2
2026-07-12 01:22:43,900 - INFO - Querying Adzuna API for country='gb', page=1, keyword='Developer'
2026-07-12 01:22:44,457 - INFO - Fetched and processed 20 records for country='gb', keyword='Developer', page=1
2026-07-12 01:22:45,765 - INFO - Querying Adzuna API for country='gb', page=2, keyword='Developer'
2026-07-12 01:22:46,389 - INFO - Fetched and processed 20 records for country='gb', keyword='Developer', page=2
2026-07-12 01:22:48,054 - INFO - Querying Adzuna API for country='gb', page=1, keyword='Data Analyst'
2026-07-12 01:22:48,563 - INFO - Fetched and processed 20 records for country='gb', keyword='Data Analyst', page=1
2026-07-12 01:22:49,794 - INFO - Querying Adzuna API for country='gb', page=2, keyword='Data Analyst'
2026-07-12 01:22:50,277 - INFO - Fetched and processed 20 records for country='gb', keyword='Data Analyst', page=2
2026-07-12 01:22:51,525 - INFO - Querying Adzuna API for country='gb', page=1, keyword='Data Scientist'
2026-07-12 01:22:52,101 - INFO - Fetched and processed 20 records for country='gb', keyword='Data Scientist', page=1
2026-07-12 01:22:53,227 - INFO - Querying Adzuna API for country='gb', page=2, keyword='Data Scientist'
2026-07-12 01:22:53,742 - INFO - Fetched and processed 20 records for country='gb', keyword='Data Scientist', page=2
2026-07-12 01:22:55,161 - INFO - Querying Adzuna API for country='gb', page=1, keyword='Business Analyst'
2026-07-12 01:22:55,694 - INFO - Fetched and processed 20 records for country='gb', keyword='Business Analyst', page=1
2026-07-12 01:22:57,225 - INFO - Querying Adzuna API for country='gb', page=2, keyword='Business Analyst'
2026-07-12 01:22:58,154 - INFO - Fetched and processed 20 records for country='gb', keyword='Business Analyst', page=2
2026-07-12 01:22:59,578 - INFO - Querying Adzuna API for country='gb', page=1, keyword='Data Engineer'
2026-07-12 01:23:00,140 - INFO - Fetched and processed 20 records for country='gb', keyword='Data Engineer', page=1
2026-07-12 01:23:01,403 - INFO - Querying Adzuna API for country='gb', page=2, keyword='Data Engineer'
2026-07-12 01:23:02,221 - INFO - Fetched and processed 20 records for country='gb', keyword='Data Engineer', page=2
2026-07-12 01:23:03,664 - INFO - Pipeline executed successfully. Saved 400 JSON objects to data/raw/api_jobs_20260712_012303.json
2026-07-13 01:23:46,598 - INFO - Querying Adzuna API for country='in', page=1, keyword='Developer'
2026-07-13 01:23:47,303 - INFO - Fetched and processed 20 records for country='in', keyword='Developer', page=1
2026-07-13 01:23:48,871 - INFO - Querying Adzuna API for country='in', page=2, keyword='Developer'
2026-07-13 01:23:49,452 - INFO - Fetched and processed 20 records for country='in', keyword='Developer', page=2
2026-07-13 01:23:51,131 - INFO - Querying Adzuna API for country='in', page=1, keyword='Data Analyst'
2026-07-13 01:23:51,637 - INFO - Fetched and processed 20 records for country='in', keyword='Data Analyst', page=1
2026-07-13 01:23:53,447 - INFO - Querying Adzuna API for country='in', page=2, keyword='Data Analyst'
2026-07-13 01:23:53,881 - INFO - Fetched and processed 20 records for country='in', keyword='Data Analyst', page=2
2026-07-13 01:23:55,343 - INFO - Querying Adzuna API for country='in', page=1, keyword='Data Scientist'
2026-07-13 01:23:55,742 - INFO - Fetched and processed 20 records for country='in', keyword='Data Scientist', page=1
2026-07-13 01:23:57,739 - INFO - Querying Adzuna API for country='in', page=2, keyword='Data Scientist'
2026-07-13 01:23:58,287 - INFO - Fetched and processed 20 records for country='in', keyword='Data Scientist', page=2
2026-07-13 01:23:59,487 - INFO - Querying Adzuna API for country='in', page=1, keyword='Business Analyst'
2026-07-13 01:23:59,915 - INFO - Fetched and processed 20 records for country='in', keyword='Business Analyst', page=1
2026-07-13 01:24:01,560 - INFO - Querying Adzuna API for country='in', page=2, keyword='Business Analyst'
2026-07-13 01:24:02,144 - INFO - Fetched and processed 20 records for country='in', keyword='Business Analyst', page=2
2026-07-13 01:24:03,567 - INFO - Querying Adzuna API for country='in', page=1, keyword='Data Engineer'
2026-07-13 01:24:03,959 - INFO - Fetched and processed 20 records for country='in', keyword='Data Engineer', page=1
2026-07-13 01:24:05,024 - INFO - Querying Adzuna API for country='in', page=2, keyword='Data Engineer'
2026-07-13 01:24:05,550 - INFO - Fetched and processed 20 records for country='in', keyword='Data Engineer', page=2
2026-07-13 01:24:06,997 - INFO - Querying Adzuna API for country='gb', page=1, keyword='Developer'
2026-07-13 01:24:07,557 - INFO - Fetched and processed 20 records for country='gb', keyword='Developer', page=1
2026-07-13 01:24:09,422 - INFO - Querying Adzuna API for country='gb', page=2, keyword='Developer'
2026-07-13 01:24:10,065 - INFO - Fetched and processed 20 records for country='gb', keyword='Developer', page=2
2026-07-13 01:24:11,653 - INFO - Querying Adzuna API for country='gb', page=1, keyword='Data Analyst'
2026-07-13 01:24:12,065 - INFO - Fetched and processed 20 records for country='gb', keyword='Data Analyst', page=1
2026-07-13 01:24:14,057 - INFO - Querying Adzuna API for country='gb', page=2, keyword='Data Analyst'
2026-07-13 01:24:14,545 - INFO - Fetched and processed 20 records for country='gb', keyword='Data Analyst', page=2
2026-07-13 01:24:15,709 - INFO - Querying Adzuna API for country='gb', page=1, keyword='Data Scientist'
2026-07-13 01:24:16,104 - INFO - Fetched and processed 20 records for country='gb', keyword='Data Scientist', page=1
2026-07-13 01:24:17,270 - INFO - Querying Adzuna API for country='gb', page=2, keyword='Data Scientist'
2026-07-13 01:24:17,772 - INFO - Fetched and processed 20 records for country='gb', keyword='Data Scientist', page=2
2026-07-13 01:24:19,338 - INFO - Querying Adzuna API for country='gb', page=1, keyword='Business Analyst'
2026-07-13 01:24:19,786 - INFO - Fetched and processed 20 records for country='gb', keyword='Business Analyst', page=1
2026-07-13 01:24:21,172 - INFO - Querying Adzuna API for country='gb', page=2, keyword='Business Analyst'
2026-07-13 01:24:21,529 - INFO - Fetched and processed 20 records for country='gb', keyword='Business Analyst', page=2
2026-07-13 01:24:22,952 - INFO - Querying Adzuna API for country='gb', page=1, keyword='Data Engineer'
2026-07-13 01:24:23,477 - INFO - Fetched and processed 20 records for country='gb', keyword='Data Engineer', page=1
2026-07-13 01:24:25,115 - INFO - Querying Adzuna API for country='gb', page=2, keyword='Data Engineer'
2026-07-13 01:24:25,530 - INFO - Fetched and processed 20 records for country='gb', keyword='Data Engineer', page=2
2026-07-13 01:24:26,579 - INFO - Pipeline executed successfully. Saved 400 JSON objects to data/raw/api_jobs_20260713_012426.json
2026-07-14 01:13:41,112 - INFO - Querying Adzuna API for country='in', page=1, keyword='Developer'
2026-07-14 01:13:41,635 - INFO - Fetched and processed 20 records for country='in', keyword='Developer', page=1
2026-07-14 01:13:42,719 - INFO - Querying Adzuna API for country='in', page=2, keyword='Developer'
2026-07-14 01:13:43,062 - INFO - Fetched and processed 20 records for country='in', keyword='Developer', page=2
2026-07-14 01:13:44,459 - INFO - Querying Adzuna API for country='in', page=1, keyword='Data Analyst'
2026-07-14 01:13:44,770 - INFO - Fetched and processed 20 records for country='in', keyword='Data Analyst', page=1
2026-07-14 01:13:46,381 - INFO - Querying Adzuna API for country='in', page=2, keyword='Data Analyst'
2026-07-14 01:13:46,803 - INFO - Fetched and processed 20 records for country='in', keyword='Data Analyst', page=2
2026-07-14 01:13:48,779 - INFO - Querying Adzuna API for country='in', page=1, keyword='Data Scientist'
2026-07-14 01:13:49,305 - INFO - Fetched and processed 20 records for country='in', keyword='Data Scientist', page=1
2026-07-14 01:13:51,029 - INFO - Querying Adzuna API for country='in', page=2, keyword='Data Scientist'
2026-07-14 01:13:51,639 - INFO - Fetched and processed 20 records for country='in', keyword='Data Scientist', page=2
2026-07-14 01:13:53,139 - INFO - Querying Adzuna API for country='in', page=1, keyword='Business Analyst'
2026-07-14 01:13:53,545 - INFO - Fetched and processed 20 records for country='in', keyword='Business Analyst', page=1
2026-07-14 01:13:54,970 - INFO - Querying Adzuna API for country='in', page=2, keyword='Business Analyst'
2026-07-14 01:13:55,320 - INFO - Fetched and processed 20 records for country='in', keyword='Business Analyst', page=2
2026-07-14 01:13:57,060 - INFO - Querying Adzuna API for country='in', page=1, keyword='Data Engineer'
2026-07-14 01:13:57,436 - INFO - Fetched and processed 20 records for country='in', keyword='Data Engineer', page=1
2026-07-14 01:13:59,012 - INFO - Querying Adzuna API for country='in', page=2, keyword='Data Engineer'
2026-07-14 01:13:59,386 - INFO - Fetched and processed 20 records for country='in', keyword='Data Engineer', page=2
2026-07-14 01:14:01,076 - INFO - Querying Adzuna API for country='gb', page=1, keyword='Developer'
2026-07-14 01:14:01,554 - INFO - Fetched and processed 20 records for country='gb', keyword='Developer', page=1
2026-07-14 01:14:02,972 - INFO - Querying Adzuna API for country='gb', page=2, keyword='Developer'
2026-07-14 01:14:03,516 - INFO - Fetched and processed 20 records for country='gb', keyword='Developer', page=2
2026-07-14 01:14:05,242 - INFO - Querying Adzuna API for country='gb', page=1, keyword='Data Analyst'
2026-07-14 01:14:05,568 - INFO - Fetched and processed 20 records for country='gb', keyword='Data Analyst', page=1
2026-07-14 01:14:06,679 - INFO - Querying Adzuna API for country='gb', page=2, keyword='Data Analyst'
2026-07-14 01:14:07,104 - INFO - Fetched and processed 20 records for country='gb', keyword='Data Analyst', page=2
2026-07-14 01:14:09,101 - INFO - Querying Adzuna API for country='gb', page=1, keyword='Data Scientist'
2026-07-14 01:14:09,498 - INFO - Fetched and processed 20 records for country='gb', keyword='Data Scientist', page=1
2026-07-14 01:14:11,246 - INFO - Querying Adzuna API for country='gb', page=2, keyword='Data Scientist'
2026-07-14 01:14:11,730 - INFO - Fetched and processed 20 records for country='gb', keyword='Data Scientist', page=2
2026-07-14 01:14:13,135 - INFO - Querying Adzuna API for country='gb', page=1, keyword='Business Analyst'
2026-07-14 01:14:13,573 - INFO - Fetched and processed 20 records for country='gb', keyword='Business Analyst', page=1
2026-07-14 01:14:15,121 - INFO - Querying Adzuna API for country='gb', page=2, keyword='Business Analyst'
2026-07-14 01:14:15,568 - INFO - Fetched and processed 20 records for country='gb', keyword='Business Analyst', page=2
2026-07-14 01:14:17,340 - INFO - Querying Adzuna API for country='gb', page=1, keyword='Data Engineer'
2026-07-14 01:14:17,861 - INFO - Fetched and processed 20 records for country='gb', keyword='Data Engineer', page=1
2026-07-14 01:14:19,847 - INFO - Querying Adzuna API for country='gb', page=2, keyword='Data Engineer'
2026-07-14 01:14:20,339 - INFO - Fetched and processed 20 records for country='gb', keyword='Data Engineer', page=2
2026-07-14 01:14:21,991 - INFO - Pipeline executed successfully. Saved 400 JSON objects to data/raw/api_jobs_20260714_011421.json
2026-07-15 01:10:05,215 - INFO - Querying Adzuna API for country='in', page=1, keyword='Developer'
2026-07-15 01:10:06,009 - INFO - Fetched and processed 20 records for country='in', keyword='Developer', page=1
2026-07-15 01:10:07,079 - INFO - Querying Adzuna API for country='in', page=2, keyword='Developer'
2026-07-15 01:10:07,616 - INFO - Fetched and processed 20 records for country='in', keyword='Developer', page=2
2026-07-15 01:10:08,872 - INFO - Querying Adzuna API for country='in', page=1, keyword='Data Analyst'
2026-07-15 01:10:09,577 - INFO - Fetched and processed 20 records for country='in', keyword='Data Analyst', page=1
2026-07-15 01:10:11,198 - INFO - Querying Adzuna API for country='in', page=2, keyword='Data Analyst'
2026-07-15 01:10:11,767 - INFO - Fetched and processed 20 records for country='in', keyword='Data Analyst', page=2
2026-07-15 01:10:13,054 - INFO - Querying Adzuna API for country='in', page=1, keyword='Data Scientist'
2026-07-15 01:10:13,559 - INFO - Fetched and processed 20 records for country='in', keyword='Data Scientist', page=1
2026-07-15 01:10:15,295 - INFO - Querying Adzuna API for country='in', page=2, keyword='Data Scientist'
2026-07-15 01:10:15,810 - INFO - Fetched and processed 20 records for country='in', keyword='Data Scientist', page=2
2026-07-15 01:10:17,033 - INFO - Querying Adzuna API for country='in', page=1, keyword='Business Analyst'
2026-07-15 01:10:17,479 - INFO - Fetched and processed 20 records for country='in', keyword='Business Analyst', page=1
2026-07-15 01:10:19,023 - INFO - Querying Adzuna API for country='in', page=2, keyword='Business Analyst'
2026-07-15 01:10:19,524 - INFO - Fetched and processed 20 records for country='in', keyword='Business Analyst', page=2
2026-07-15 01:10:20,804 - INFO - Querying Adzuna API for country='in', page=1, keyword='Data Engineer'
2026-07-15 01:10:21,373 - INFO - Fetched and processed 20 records for country='in', keyword='Data Engineer', page=1
2026-07-15 01:10:22,657 - INFO - Querying Adzuna API for country='in', page=2, keyword='Data Engineer'
2026-07-15 01:10:23,251 - INFO - Fetched and processed 20 records for country='in', keyword='Data Engineer', page=2
2026-07-15 01:10:24,816 - INFO - Querying Adzuna API for country='gb', page=1, keyword='Developer'
2026-07-15 01:10:25,379 - INFO - Fetched and processed 20 records for country='gb', keyword='Developer', page=1
2026-07-15 01:10:26,861 - INFO - Querying Adzuna API for country='gb', page=2, keyword='Developer'
2026-07-15 01:10:27,625 - INFO - Fetched and processed 20 records for country='gb', keyword='Developer', page=2
2026-07-15 01:10:28,866 - INFO - Querying Adzuna API for country='gb', page=1, keyword='Data Analyst'
2026-07-15 01:10:29,421 - INFO - Fetched and processed 20 records for country='gb', keyword='Data Analyst', page=1
2026-07-15 01:10:30,877 - INFO - Querying Adzuna API for country='gb', page=2, keyword='Data Analyst'
2026-07-15 01:10:31,389 - INFO - Fetched and processed 20 records for country='gb', keyword='Data Analyst', page=2
2026-07-15 01:10:32,638 - INFO - Querying Adzuna API for country='gb', page=1, keyword='Data Scientist'
2026-07-15 01:10:33,172 - INFO - Fetched and processed 20 records for country='gb', keyword='Data Scientist', page=1
2026-07-15 01:10:35,104 - INFO - Querying Adzuna API for country='gb', page=2, keyword='Data Scientist'
2026-07-15 01:10:35,733 - INFO - Fetched and processed 20 records for country='gb', keyword='Data Scientist', page=2
2026-07-15 01:10:36,964 - INFO - Querying Adzuna API for country='gb', page=1, keyword='Business Analyst'
2026-07-15 01:10:37,591 - INFO - Fetched and processed 20 records for country='gb', keyword='Business Analyst', page=1
2026-07-15 01:10:39,432 - INFO - Querying Adzuna API for country='gb', page=2, keyword='Business Analyst'
2026-07-15 01:10:39,866 - INFO - Fetched and processed 20 records for country='gb', keyword='Business Analyst', page=2
2026-07-15 01:10:41,738 - INFO - Querying Adzuna API for country='gb', page=1, keyword='Data Engineer'
2026-07-15 01:10:42,454 - INFO - Fetched and processed 20 records for country='gb', keyword='Data Engineer', page=1
2026-07-15 01:10:43,743 - INFO - Querying Adzuna API for country='gb', page=2, keyword='Data Engineer'
2026-07-15 01:10:44,335 - INFO - Fetched and processed 20 records for country='gb', keyword='Data Engineer', page=2
2026-07-15 01:10:45,614 - INFO - Pipeline executed successfully. Saved 400 JSON objects to data/raw/api_jobs_20260715_011045.json
2026-07-16 01:19:12,291 - INFO - Querying Adzuna API for country='in', page=1, keyword='Developer'
2026-07-16 01:19:13,041 - INFO - Fetched and processed 20 records for country='in', keyword='Developer', page=1
2026-07-16 01:19:14,756 - INFO - Querying Adzuna API for country='in', page=2, keyword='Developer'
2026-07-16 01:19:15,369 - INFO - Fetched and processed 20 records for country='in', keyword='Developer', page=2
2026-07-16 01:19:17,232 - INFO - Querying Adzuna API for country='in', page=1, keyword='Data Analyst'
2026-07-16 01:19:17,803 - INFO - Fetched and processed 20 records for country='in', keyword='Data Analyst', page=1
2026-07-16 01:19:18,946 - INFO - Querying Adzuna API for country='in', page=2, keyword='Data Analyst'
2026-07-16 01:19:19,694 - INFO - Fetched and processed 20 records for country='in', keyword='Data Analyst', page=2
2026-07-16 01:19:21,535 - INFO - Querying Adzuna API for country='in', page=1, keyword='Data Scientist'
2026-07-16 01:19:22,242 - INFO - Fetched and processed 20 records for country='in', keyword='Data Scientist', page=1
2026-07-16 01:19:23,358 - INFO - Querying Adzuna API for country='in', page=2, keyword='Data Scientist'
2026-07-16 01:19:23,829 - INFO - Fetched and processed 20 records for country='in', keyword='Data Scientist', page=2
2026-07-16 01:19:25,558 - INFO - Querying Adzuna API for country='in', page=1, keyword='Business Analyst'
2026-07-16 01:19:26,145 - INFO - Fetched and processed 20 records for country='in', keyword='Business Analyst', page=1
2026-07-16 01:19:27,737 - INFO - Querying Adzuna API for country='in', page=2, keyword='Business Analyst'
2026-07-16 01:19:28,210 - INFO - Fetched and processed 20 records for country='in', keyword='Business Analyst', page=2
2026-07-16 01:19:29,720 - INFO - Querying Adzuna API for country='in', page=1, keyword='Data Engineer'
2026-07-16 01:19:30,353 - INFO - Fetched and processed 20 records for country='in', keyword='Data Engineer', page=1
2026-07-16 01:19:31,721 - INFO - Querying Adzuna API for country='in', page=2, keyword='Data Engineer'
2026-07-16 01:19:32,416 - INFO - Fetched and processed 20 records for country='in', keyword='Data Engineer', page=2
2026-07-16 01:19:34,134 - INFO - Querying Adzuna API for country='gb', page=1, keyword='Developer'
2026-07-16 01:19:34,832 - INFO - Fetched and processed 20 records for country='gb', keyword='Developer', page=1
2026-07-16 01:19:36,314 - INFO - Querying Adzuna API for country='gb', page=2, keyword='Developer'
2026-07-16 01:19:36,945 - INFO - Fetched and processed 20 records for country='gb', keyword='Developer', page=2
2026-07-16 01:19:38,595 - INFO - Querying Adzuna API for country='gb', page=1, keyword='Data Analyst'
2026-07-16 01:19:39,223 - INFO - Fetched and processed 20 records for country='gb', keyword='Data Analyst', page=1
2026-07-16 01:19:41,208 - INFO - Querying Adzuna API for country='gb', page=2, keyword='Data Analyst'
2026-07-16 01:19:41,763 - INFO - Fetched and processed 20 records for country='gb', keyword='Data Analyst', page=2
2026-07-16 01:19:43,361 - INFO - Querying Adzuna API for country='gb', page=1, keyword='Data Scientist'
2026-07-16 01:19:44,075 - INFO - Fetched and processed 20 records for country='gb', keyword='Data Scientist', page=1
2026-07-16 01:19:45,827 - INFO - Querying Adzuna API for country='gb', page=2, keyword='Data Scientist'
2026-07-16 01:19:46,459 - INFO - Fetched and processed 20 records for country='gb', keyword='Data Scientist', page=2
2026-07-16 01:19:47,851 - INFO - Querying Adzuna API for country='gb', page=1, keyword='Business Analyst'
2026-07-16 01:19:48,388 - INFO - Fetched and processed 20 records for country='gb', keyword='Business Analyst', page=1
2026-07-16 01:19:49,488 - INFO - Querying Adzuna API for country='gb', page=2, keyword='Business Analyst'
2026-07-16 01:19:50,029 - INFO - Fetched and processed 20 records for country='gb', keyword='Business Analyst', page=2
2026-07-16 01:19:51,591 - INFO - Querying Adzuna API for country='gb', page=1, keyword='Data Engineer'
2026-07-16 01:19:52,414 - INFO - Fetched and processed 20 records for country='gb', keyword='Data Engineer', page=1
2026-07-16 01:19:54,242 - INFO - Querying Adzuna API for country='gb', page=2, keyword='Data Engineer'
2026-07-16 01:19:54,943 - INFO - Fetched and processed 20 records for country='gb', keyword='Data Engineer', page=2
2026-07-16 01:19:56,562 - INFO - Pipeline executed successfully. Saved 400 JSON objects to data/raw/api_jobs_20260716_011956.json
2026-07-17 01:22:44,541 - INFO - Querying Adzuna API for country='in', page=1, keyword='Developer'
2026-07-17 01:22:45,448 - INFO - Fetched and processed 20 records for country='in', keyword='Developer', page=1
2026-07-17 01:22:46,725 - INFO - Querying Adzuna API for country='in', page=2, keyword='Developer'
2026-07-17 01:22:47,292 - INFO - Fetched and processed 20 records for country='in', keyword='Developer', page=2
2026-07-17 01:22:49,102 - INFO - Querying Adzuna API for country='in', page=1, keyword='Data Analyst'
2026-07-17 01:22:49,731 - INFO - Fetched and processed 20 records for country='in', keyword='Data Analyst', page=1
2026-07-17 01:22:51,159 - INFO - Querying Adzuna API for country='in', page=2, keyword='Data Analyst'
2026-07-17 01:22:51,795 - INFO - Fetched and processed 20 records for country='in', keyword='Data Analyst', page=2
2026-07-17 01:22:53,155 - INFO - Querying Adzuna API for country='in', page=1, keyword='Data Scientist'
2026-07-17 01:22:53,777 - INFO - Fetched and processed 20 records for country='in', keyword='Data Scientist', page=1
2026-07-17 01:22:55,054 - INFO - Querying Adzuna API for country='in', page=2, keyword='Data Scientist'
2026-07-17 01:22:55,713 - INFO - Fetched and processed 20 records for country='in', keyword='Data Scientist', page=2
2026-07-17 01:22:57,516 - INFO - Querying Adzuna API for country='in', page=1, keyword='Business Analyst'
2026-07-17 01:22:58,175 - INFO - Fetched and processed 20 records for country='in', keyword='Business Analyst', page=1
2026-07-17 01:22:59,642 - INFO - Querying Adzuna API for country='in', page=2, keyword='Business Analyst'
2026-07-17 01:23:00,263 - INFO - Fetched and processed 20 records for country='in', keyword='Business Analyst', page=2
2026-07-17 01:23:01,336 - INFO - Querying Adzuna API for country='in', page=1, keyword='Data Engineer'
2026-07-17 01:23:02,632 - INFO - Fetched and processed 20 records for country='in', keyword='Data Engineer', page=1
2026-07-17 01:23:04,366 - INFO - Querying Adzuna API for country='in', page=2, keyword='Data Engineer'
2026-07-17 01:23:05,003 - INFO - Fetched and processed 20 records for country='in', keyword='Data Engineer', page=2
2026-07-17 01:23:06,690 - INFO - Querying Adzuna API for country='gb', page=1, keyword='Developer'
2026-07-17 01:23:07,514 - INFO - Fetched and processed 20 records for country='gb', keyword='Developer', page=1
2026-07-17 01:23:09,101 - INFO - Querying Adzuna API for country='gb', page=2, keyword='Developer'
2026-07-17 01:23:09,789 - INFO - Fetched and processed 20 records for country='gb', keyword='Developer', page=2
2026-07-17 01:23:11,421 - INFO - Querying Adzuna API for country='gb', page=1, keyword='Data Analyst'
2026-07-17 01:23:11,964 - INFO - Fetched and processed 20 records for country='gb', keyword='Data Analyst', page=1
2026-07-17 01:23:13,640 - INFO - Querying Adzuna API for country='gb', page=2, keyword='Data Analyst'
2026-07-17 01:23:14,215 - INFO - Fetched and processed 20 records for country='gb', keyword='Data Analyst', page=2
2026-07-17 01:23:15,626 - INFO - Querying Adzuna API for country='gb', page=1, keyword='Data Scientist'
2026-07-17 01:23:16,187 - INFO - Fetched and processed 20 records for country='gb', keyword='Data Scientist', page=1
2026-07-17 01:23:17,597 - INFO - Querying Adzuna API for country='gb', page=2, keyword='Data Scientist'
2026-07-17 01:23:18,243 - INFO - Fetched and processed 20 records for country='gb', keyword='Data Scientist', page=2
2026-07-17 01:23:20,165 - INFO - Querying Adzuna API for country='gb', page=1, keyword='Business Analyst'
2026-07-17 01:23:20,874 - INFO - Fetched and processed 20 records for country='gb', keyword='Business Analyst', page=1
2026-07-17 01:23:21,997 - INFO - Querying Adzuna API for country='gb', page=2, keyword='Business Analyst'
2026-07-17 01:23:22,636 - INFO - Fetched and processed 20 records for country='gb', keyword='Business Analyst', page=2
2026-07-17 01:23:23,798 - INFO - Querying Adzuna API for country='gb', page=1, keyword='Data Engineer'
2026-07-17 01:23:24,516 - INFO - Fetched and processed 20 records for country='gb', keyword='Data Engineer', page=1
2026-07-17 01:23:26,421 - INFO - Querying Adzuna API for country='gb', page=2, keyword='Data Engineer'
2026-07-17 01:23:27,156 - INFO - Fetched and processed 20 records for country='gb', keyword='Data Engineer', page=2
2026-07-17 01:23:28,282 - INFO - Pipeline executed successfully. Saved 400 JSON objects to data/raw/api_jobs_20260717_012328.json
2026-07-18 01:15:03,070 - INFO - Querying Adzuna API for country='in', page=1, keyword='Developer'
2026-07-18 01:15:04,831 - INFO - Fetched and processed 20 records for country='in', keyword='Developer', page=1
2026-07-18 01:15:06,775 - INFO - Querying Adzuna API for country='in', page=2, keyword='Developer'
2026-07-18 01:15:08,863 - INFO - Fetched and processed 20 records for country='in', keyword='Developer', page=2
2026-07-18 01:15:10,542 - INFO - Querying Adzuna API for country='in', page=1, keyword='Data Analyst'
2026-07-18 01:15:12,546 - INFO - Fetched and processed 20 records for country='in', keyword='Data Analyst', page=1
2026-07-18 01:15:14,033 - INFO - Querying Adzuna API for country='in', page=2, keyword='Data Analyst'
2026-07-18 01:15:14,667 - INFO - Fetched and processed 20 records for country='in', keyword='Data Analyst', page=2
2026-07-18 01:15:16,019 - INFO - Querying Adzuna API for country='in', page=1, keyword='Data Scientist'
2026-07-18 01:15:16,581 - INFO - Fetched and processed 20 records for country='in', keyword='Data Scientist', page=1
2026-07-18 01:15:18,372 - INFO - Querying Adzuna API for country='in', page=2, keyword='Data Scientist'
2026-07-18 01:15:19,024 - INFO - Fetched and processed 20 records for country='in', keyword='Data Scientist', page=2
2026-07-18 01:15:20,237 - INFO - Querying Adzuna API for country='in', page=1, keyword='Business Analyst'
2026-07-18 01:15:21,079 - INFO - Fetched and processed 20 records for country='in', keyword='Business Analyst', page=1
2026-07-18 01:15:22,511 - INFO - Querying Adzuna API for country='in', page=2, keyword='Business Analyst'
2026-07-18 01:15:23,250 - INFO - Fetched and processed 20 records for country='in', keyword='Business Analyst', page=2
2026-07-18 01:15:24,364 - INFO - Querying Adzuna API for country='in', page=1, keyword='Data Engineer'
2026-07-18 01:15:25,037 - INFO - Fetched and processed 20 records for country='in', keyword='Data Engineer', page=1
2026-07-18 01:15:27,038 - INFO - Querying Adzuna API for country='in', page=2, keyword='Data Engineer'
2026-07-18 01:15:27,690 - INFO - Fetched and processed 20 records for country='in', keyword='Data Engineer', page=2
2026-07-18 01:15:29,478 - INFO - Querying Adzuna API for country='gb', page=1, keyword='Developer'
2026-07-18 01:15:30,401 - INFO - Fetched and processed 20 records for country='gb', keyword='Developer', page=1
2026-07-18 01:15:32,319 - INFO - Querying Adzuna API for country='gb', page=2, keyword='Developer'
2026-07-18 01:15:32,911 - INFO - Fetched and processed 20 records for country='gb', keyword='Developer', page=2
2026-07-18 01:15:34,903 - INFO - Querying Adzuna API for country='gb', page=1, keyword='Data Analyst'
2026-07-18 01:15:35,562 - INFO - Fetched and processed 20 records for country='gb', keyword='Data Analyst', page=1
2026-07-18 01:15:36,625 - INFO - Querying Adzuna API for country='gb', page=2, keyword='Data Analyst'
2026-07-18 01:15:37,352 - INFO - Fetched and processed 20 records for country='gb', keyword='Data Analyst', page=2
2026-07-18 01:15:39,212 - INFO - Querying Adzuna API for country='gb', page=1, keyword='Data Scientist'
2026-07-18 01:15:39,843 - INFO - Fetched and processed 20 records for country='gb', keyword='Data Scientist', page=1
2026-07-18 01:15:41,748 - INFO - Querying Adzuna API for country='gb', page=2, keyword='Data Scientist'
2026-07-18 01:15:42,426 - INFO - Fetched and processed 20 records for country='gb', keyword='Data Scientist', page=2
2026-07-18 01:15:44,231 - INFO - Querying Adzuna API for country='gb', page=1, keyword='Business Analyst'
2026-07-18 01:15:44,827 - INFO - Fetched and processed 20 records for country='gb', keyword='Business Analyst', page=1
2026-07-18 01:15:46,683 - INFO - Querying Adzuna API for country='gb', page=2, keyword='Business Analyst'
2026-07-18 01:15:47,256 - INFO - Fetched and processed 20 records for country='gb', keyword='Business Analyst', page=2
2026-07-18 01:15:48,394 - INFO - Querying Adzuna API for country='gb', page=1, keyword='Data Engineer'
2026-07-18 01:15:49,010 - INFO - Fetched and processed 20 records for country='gb', keyword='Data Engineer', page=1
2026-07-18 01:15:50,245 - INFO - Querying Adzuna API for country='gb', page=2, keyword='Data Engineer'
2026-07-18 01:15:50,846 - INFO - Fetched and processed 20 records for country='gb', keyword='Data Engineer', page=2
2026-07-18 01:15:51,913 - INFO - Pipeline executed successfully. Saved 400 JSON objects to data/raw/api_jobs_20260718_011551.json
2026-07-19 01:20:50,753 - INFO - Querying Adzuna API for country='in', page=1, keyword='Developer'
2026-07-19 01:20:51,653 - INFO - Fetched and processed 20 records for country='in', keyword='Developer', page=1
2026-07-19 01:20:52,853 - INFO - Querying Adzuna API for country='in', page=2, keyword='Developer'
2026-07-19 01:20:53,501 - INFO - Fetched and processed 20 records for country='in', keyword='Developer', page=2
2026-07-19 01:20:54,753 - INFO - Querying Adzuna API for country='in', page=1, keyword='Data Analyst'
2026-07-19 01:20:55,238 - INFO - Fetched and processed 20 records for country='in', keyword='Data Analyst', page=1
2026-07-19 01:20:56,622 - INFO - Querying Adzuna API for country='in', page=2, keyword='Data Analyst'
2026-07-19 01:20:57,120 - INFO - Fetched and processed 20 records for country='in', keyword='Data Analyst', page=2
2026-07-19 01:20:58,462 - INFO - Querying Adzuna API for country='in', page=1, keyword='Data Scientist'
2026-07-19 01:20:59,020 - INFO - Fetched and processed 20 records for country='in', keyword='Data Scientist', page=1
2026-07-19 01:21:00,210 - INFO - Querying Adzuna API for country='in', page=2, keyword='Data Scientist'
2026-07-19 01:21:00,785 - INFO - Fetched and processed 20 records for country='in', keyword='Data Scientist', page=2
2026-07-19 01:21:02,093 - INFO - Querying Adzuna API for country='in', page=1, keyword='Business Analyst'
2026-07-19 01:21:02,713 - INFO - Fetched and processed 20 records for country='in', keyword='Business Analyst', page=1
2026-07-19 01:21:03,832 - INFO - Querying Adzuna API for country='in', page=2, keyword='Business Analyst'
2026-07-19 01:21:04,490 - INFO - Fetched and processed 20 records for country='in', keyword='Business Analyst', page=2
2026-07-19 01:21:05,644 - INFO - Querying Adzuna API for country='in', page=1, keyword='Data Engineer'
2026-07-19 01:21:06,208 - INFO - Fetched and processed 20 records for country='in', keyword='Data Engineer', page=1
2026-07-19 01:21:07,760 - INFO - Querying Adzuna API for country='in', page=2, keyword='Data Engineer'
2026-07-19 01:21:08,358 - INFO - Fetched and processed 20 records for country='in', keyword='Data Engineer', page=2
2026-07-19 01:21:09,687 - INFO - Querying Adzuna API for country='gb', page=1, keyword='Developer'
2026-07-19 01:21:10,462 - INFO - Fetched and processed 20 records for country='gb', keyword='Developer', page=1
2026-07-19 01:21:12,314 - INFO - Querying Adzuna API for country='gb', page=2, keyword='Developer'
2026-07-19 01:21:13,080 - INFO - Fetched and processed 20 records for country='gb', keyword='Developer', page=2
2026-07-19 01:21:14,946 - INFO - Querying Adzuna API for country='gb', page=1, keyword='Data Analyst'
2026-07-19 01:21:15,668 - INFO - Fetched and processed 20 records for country='gb', keyword='Data Analyst', page=1
2026-07-19 01:21:17,569 - INFO - Querying Adzuna API for country='gb', page=2, keyword='Data Analyst'
2026-07-19 01:21:18,192 - INFO - Fetched and processed 20 records for country='gb', keyword='Data Analyst', page=2
2026-07-19 01:21:19,390 - INFO - Querying Adzuna API for country='gb', page=1, keyword='Data Scientist'
2026-07-19 01:21:20,025 - INFO - Fetched and processed 20 records for country='gb', keyword='Data Scientist', page=1
2026-07-19 01:21:21,399 - INFO - Querying Adzuna API for country='gb', page=2, keyword='Data Scientist'
2026-07-19 01:21:22,020 - INFO - Fetched and processed 20 records for country='gb', keyword='Data Scientist', page=2
2026-07-19 01:21:23,081 - INFO - Querying Adzuna API for country='gb', page=1, keyword='Business Analyst'
2026-07-19 01:21:23,653 - INFO - Fetched and processed 20 records for country='gb', keyword='Business Analyst', page=1
2026-07-19 01:21:25,644 - INFO - Querying Adzuna API for country='gb', page=2, keyword='Business Analyst'
2026-07-19 01:21:26,152 - INFO - Fetched and processed 20 records for country='gb', keyword='Business Analyst', page=2
2026-07-19 01:21:27,811 - INFO - Querying Adzuna API for country='gb', page=1, keyword='Data Engineer'
2026-07-19 01:21:28,481 - INFO - Fetched and processed 20 records for country='gb', keyword='Data Engineer', page=1
2026-07-19 01:21:29,877 - INFO - Querying Adzuna API for country='gb', page=2, keyword='Data Engineer'
2026-07-19 01:21:30,586 - INFO - Fetched and processed 20 records for country='gb', keyword='Data Engineer', page=2
2026-07-19 01:21:31,774 - INFO - Pipeline executed successfully. Saved 400 JSON objects to data/raw/api_jobs_20260719_012131.json
2026-07-20 01:24:32,810 - INFO - Querying Adzuna API for country='in', page=1, keyword='Developer'
2026-07-20 01:24:33,543 - INFO - Fetched and processed 20 records for country='in', keyword='Developer', page=1
2026-07-20 01:24:35,204 - INFO - Querying Adzuna API for country='in', page=2, keyword='Developer'
2026-07-20 01:24:35,813 - INFO - Fetched and processed 20 records for country='in', keyword='Developer', page=2
2026-07-20 01:24:36,939 - INFO - Querying Adzuna API for country='in', page=1, keyword='Data Analyst'
2026-07-20 01:24:37,487 - INFO - Fetched and processed 20 records for country='in', keyword='Data Analyst', page=1
2026-07-20 01:24:38,856 - INFO - Querying Adzuna API for country='in', page=2, keyword='Data Analyst'
2026-07-20 01:24:39,361 - INFO - Fetched and processed 20 records for country='in', keyword='Data Analyst', page=2
2026-07-20 01:24:40,542 - INFO - Querying Adzuna API for country='in', page=1, keyword='Data Scientist'
2026-07-20 01:24:41,188 - INFO - Fetched and processed 20 records for country='in', keyword='Data Scientist', page=1
2026-07-20 01:24:42,543 - INFO - Querying Adzuna API for country='in', page=2, keyword='Data Scientist'
2026-07-20 01:24:43,110 - INFO - Fetched and processed 20 records for country='in', keyword='Data Scientist', page=2
2026-07-20 01:24:44,810 - INFO - Querying Adzuna API for country='in', page=1, keyword='Business Analyst'
2026-07-20 01:24:45,453 - INFO - Fetched and processed 20 records for country='in', keyword='Business Analyst', page=1
2026-07-20 01:24:46,560 - INFO - Querying Adzuna API for country='in', page=2, keyword='Business Analyst'
2026-07-20 01:24:47,211 - INFO - Fetched and processed 20 records for country='in', keyword='Business Analyst', page=2
2026-07-20 01:24:48,427 - INFO - Querying Adzuna API for country='in', page=1, keyword='Data Engineer'
2026-07-20 01:24:48,958 - INFO - Fetched and processed 20 records for country='in', keyword='Data Engineer', page=1
2026-07-20 01:24:50,532 - INFO - Querying Adzuna API for country='in', page=2, keyword='Data Engineer'
2026-07-20 01:24:51,088 - INFO - Fetched and processed 20 records for country='in', keyword='Data Engineer', page=2
2026-07-20 01:24:52,675 - INFO - Querying Adzuna API for country='gb', page=1, keyword='Developer'
2026-07-20 01:24:53,400 - INFO - Fetched and processed 20 records for country='gb', keyword='Developer', page=1
2026-07-20 01:24:54,901 - INFO - Querying Adzuna API for country='gb', page=2, keyword='Developer'
2026-07-20 01:24:55,640 - INFO - Fetched and processed 20 records for country='gb', keyword='Developer', page=2
2026-07-20 01:24:57,148 - INFO - Querying Adzuna API for country='gb', page=1, keyword='Data Analyst'
2026-07-20 01:24:57,698 - INFO - Fetched and processed 20 records for country='gb', keyword='Data Analyst', page=1
2026-07-20 01:24:59,643 - INFO - Querying Adzuna API for country='gb', page=2, keyword='Data Analyst'
2026-07-20 01:25:00,193 - INFO - Fetched and processed 20 records for country='gb', keyword='Data Analyst', page=2
2026-07-20 01:25:01,933 - INFO - Querying Adzuna API for country='gb', page=1, keyword='Data Scientist'
2026-07-20 01:25:03,047 - INFO - Fetched and processed 20 records for country='gb', keyword='Data Scientist', page=1
2026-07-20 01:25:04,059 - INFO - Querying Adzuna API for country='gb', page=2, keyword='Data Scientist'
2026-07-20 01:25:04,698 - INFO - Fetched and processed 20 records for country='gb', keyword='Data Scientist', page=2
2026-07-20 01:25:06,023 - INFO - Querying Adzuna API for country='gb', page=1, keyword='Business Analyst'
2026-07-20 01:25:06,757 - INFO - Fetched and processed 20 records for country='gb', keyword='Business Analyst', page=1
2026-07-20 01:25:07,878 - INFO - Querying Adzuna API for country='gb', page=2, keyword='Business Analyst'
2026-07-20 01:25:08,512 - INFO - Fetched and processed 20 records for country='gb', keyword='Business Analyst', page=2
2026-07-20 01:25:10,141 - INFO - Querying Adzuna API for country='gb', page=1, keyword='Data Engineer'
2026-07-20 01:25:10,795 - INFO - Fetched and processed 20 records for country='gb', keyword='Data Engineer', page=1
2026-07-20 01:25:11,806 - INFO - Querying Adzuna API for country='gb', page=2, keyword='Data Engineer'
2026-07-20 01:25:12,444 - INFO - Fetched and processed 20 records for country='gb', keyword='Data Engineer', page=2
2026-07-20 01:25:13,636 - INFO - Pipeline executed successfully. Saved 400 JSON objects to data/raw/api_jobs_20260720_012513.json
2026-07-21 01:20:36,022 - INFO - Querying Adzuna API for country='in', page=1, keyword='Developer'
2026-07-21 01:20:36,641 - INFO - Fetched and processed 20 records for country='in', keyword='Developer', page=1
2026-07-21 01:20:37,900 - INFO - Querying Adzuna API for country='in', page=2, keyword='Developer'
2026-07-21 01:20:38,409 - INFO - Fetched and processed 20 records for country='in', keyword='Developer', page=2
2026-07-21 01:20:39,886 - INFO - Querying Adzuna API for country='in', page=1, keyword='Data Analyst'
2026-07-21 01:20:40,438 - INFO - Fetched and processed 20 records for country='in', keyword='Data Analyst', page=1
2026-07-21 01:20:41,898 - INFO - Querying Adzuna API for country='in', page=2, keyword='Data Analyst'
2026-07-21 01:20:42,347 - INFO - Fetched and processed 20 records for country='in', keyword='Data Analyst', page=2
2026-07-21 01:20:43,805 - INFO - Querying Adzuna API for country='in', page=1, keyword='Data Scientist'
2026-07-21 01:20:44,256 - INFO - Fetched and processed 20 records for country='in', keyword='Data Scientist', page=1
2026-07-21 01:20:46,148 - INFO - Querying Adzuna API for country='in', page=2, keyword='Data Scientist'
2026-07-21 01:20:46,630 - INFO - Fetched and processed 20 records for country='in', keyword='Data Scientist', page=2
2026-07-21 01:20:48,233 - INFO - Querying Adzuna API for country='in', page=1, keyword='Business Analyst'
2026-07-21 01:20:48,879 - INFO - Fetched and processed 20 records for country='in', keyword='Business Analyst', page=1
2026-07-21 01:20:49,918 - INFO - Querying Adzuna API for country='in', page=2, keyword='Business Analyst'
2026-07-21 01:20:50,414 - INFO - Fetched and processed 20 records for country='in', keyword='Business Analyst', page=2
2026-07-21 01:20:52,399 - INFO - Querying Adzuna API for country='in', page=1, keyword='Data Engineer'
2026-07-21 01:20:52,942 - INFO - Fetched and processed 20 records for country='in', keyword='Data Engineer', page=1
2026-07-21 01:20:54,648 - INFO - Querying Adzuna API for country='in', page=2, keyword='Data Engineer'
2026-07-21 01:20:55,158 - INFO - Fetched and processed 20 records for country='in', keyword='Data Engineer', page=2
2026-07-21 01:20:57,002 - INFO - Querying Adzuna API for country='gb', page=1, keyword='Developer'
2026-07-21 01:20:57,573 - INFO - Fetched and processed 20 records for country='gb', keyword='Developer', page=1
2026-07-21 01:20:59,240 - INFO - Querying Adzuna API for country='gb', page=2, keyword='Developer'
2026-07-21 01:20:59,930 - INFO - Fetched and processed 20 records for country='gb', keyword='Developer', page=2
2026-07-21 01:21:01,521 - INFO - Querying Adzuna API for country='gb', page=1, keyword='Data Analyst'
2026-07-21 01:21:02,032 - INFO - Fetched and processed 20 records for country='gb', keyword='Data Analyst', page=1
2026-07-21 01:21:03,091 - INFO - Querying Adzuna API for country='gb', page=2, keyword='Data Analyst'
2026-07-21 01:21:03,863 - INFO - Fetched and processed 20 records for country='gb', keyword='Data Analyst', page=2
2026-07-21 01:21:05,045 - INFO - Querying Adzuna API for country='gb', page=1, keyword='Data Scientist'
2026-07-21 01:21:05,530 - INFO - Fetched and processed 20 records for country='gb', keyword='Data Scientist', page=1
2026-07-21 01:21:07,423 - INFO - Querying Adzuna API for country='gb', page=2, keyword='Data Scientist'
2026-07-21 01:21:07,985 - INFO - Fetched and processed 20 records for country='gb', keyword='Data Scientist', page=2
2026-07-21 01:21:09,194 - INFO - Querying Adzuna API for country='gb', page=1, keyword='Business Analyst'
2026-07-21 01:21:09,636 - INFO - Fetched and processed 20 records for country='gb', keyword='Business Analyst', page=1
2026-07-21 01:21:11,281 - INFO - Querying Adzuna API for country='gb', page=2, keyword='Business Analyst'
2026-07-21 01:21:11,686 - INFO - Fetched and processed 20 records for country='gb', keyword='Business Analyst', page=2
2026-07-21 01:21:13,514 - INFO - Querying Adzuna API for country='gb', page=1, keyword='Data Engineer'
2026-07-21 01:21:14,025 - INFO - Fetched and processed 20 records for country='gb', keyword='Data Engineer', page=1
2026-07-21 01:21:15,490 - INFO - Querying Adzuna API for country='gb', page=2, keyword='Data Engineer'
2026-07-21 01:21:16,142 - INFO - Fetched and processed 20 records for country='gb', keyword='Data Engineer', page=2
2026-07-21 01:21:17,942 - INFO - Pipeline executed successfully. Saved 400 JSON objects to data/raw/api_jobs_20260721_012117.json
2026-07-22 01:19:00,427 - INFO - Querying Adzuna API for country='in', page=1, keyword='Developer'
2026-07-22 01:19:01,204 - INFO - Fetched and processed 20 records for country='in', keyword='Developer', page=1
2026-07-22 01:19:02,577 - INFO - Querying Adzuna API for country='in', page=2, keyword='Developer'
2026-07-22 01:19:03,151 - INFO - Fetched and processed 20 records for country='in', keyword='Developer', page=2
2026-07-22 01:19:04,549 - INFO - Querying Adzuna API for country='in', page=1, keyword='Data Analyst'
2026-07-22 01:19:04,953 - INFO - Fetched and processed 20 records for country='in', keyword='Data Analyst', page=1
2026-07-22 01:19:06,324 - INFO - Querying Adzuna API for country='in', page=2, keyword='Data Analyst'
2026-07-22 01:19:06,842 - INFO - Fetched and processed 20 records for country='in', keyword='Data Analyst', page=2
2026-07-22 01:19:07,986 - INFO - Querying Adzuna API for country='in', page=1, keyword='Data Scientist'
2026-07-22 01:19:08,500 - INFO - Fetched and processed 20 records for country='in', keyword='Data Scientist', page=1
2026-07-22 01:19:09,611 - INFO - Querying Adzuna API for country='in', page=2, keyword='Data Scientist'
2026-07-22 01:19:10,012 - INFO - Fetched and processed 20 records for country='in', keyword='Data Scientist', page=2
2026-07-22 01:19:11,911 - INFO - Querying Adzuna API for country='in', page=1, keyword='Business Analyst'
2026-07-22 01:19:12,400 - INFO - Fetched and processed 20 records for country='in', keyword='Business Analyst', page=1
2026-07-22 01:19:13,795 - INFO - Querying Adzuna API for country='in', page=2, keyword='Business Analyst'
2026-07-22 01:19:14,322 - INFO - Fetched and processed 20 records for country='in', keyword='Business Analyst', page=2
2026-07-22 01:19:15,563 - INFO - Querying Adzuna API for country='in', page=1, keyword='Data Engineer'
2026-07-22 01:19:16,086 - INFO - Fetched and processed 20 records for country='in', keyword='Data Engineer', page=1
2026-07-22 01:19:18,076 - INFO - Querying Adzuna API for country='in', page=2, keyword='Data Engineer'
2026-07-22 01:19:18,588 - INFO - Fetched and processed 20 records for country='in', keyword='Data Engineer', page=2
2026-07-22 01:19:20,532 - INFO - Querying Adzuna API for country='gb', page=1, keyword='Developer'
2026-07-22 01:19:21,184 - INFO - Fetched and processed 20 records for country='gb', keyword='Developer', page=1
2026-07-22 01:19:22,795 - INFO - Querying Adzuna API for country='gb', page=2, keyword='Developer'
2026-07-22 01:19:23,733 - INFO - Fetched and processed 20 records for country='gb', keyword='Developer', page=2
2026-07-22 01:19:25,231 - INFO - Querying Adzuna API for country='gb', page=1, keyword='Data Analyst'
2026-07-22 01:19:25,851 - INFO - Fetched and processed 20 records for country='gb', keyword='Data Analyst', page=1
2026-07-22 01:19:27,137 - INFO - Querying Adzuna API for country='gb', page=2, keyword='Data Analyst'
2026-07-22 01:19:27,613 - INFO - Fetched and processed 20 records for country='gb', keyword='Data Analyst', page=2
2026-07-22 01:19:29,530 - INFO - Querying Adzuna API for country='gb', page=1, keyword='Data Scientist'
2026-07-22 01:19:30,148 - INFO - Fetched and processed 20 records for country='gb', keyword='Data Scientist', page=1
2026-07-22 01:19:31,844 - INFO - Querying Adzuna API for country='gb', page=2, keyword='Data Scientist'
2026-07-22 01:19:32,436 - INFO - Fetched and processed 20 records for country='gb', keyword='Data Scientist', page=2
2026-07-22 01:19:33,662 - INFO - Querying Adzuna API for country='gb', page=1, keyword='Business Analyst'
2026-07-22 01:19:34,347 - INFO - Fetched and processed 20 records for country='gb', keyword='Business Analyst', page=1
2026-07-22 01:19:36,316 - INFO - Querying Adzuna API for country='gb', page=2, keyword='Business Analyst'
2026-07-22 01:19:36,746 - INFO - Fetched and processed 20 records for country='gb', keyword='Business Analyst', page=2
2026-07-22 01:19:38,009 - INFO - Querying Adzuna API for country='gb', page=1, keyword='Data Engineer'
2026-07-22 01:19:38,537 - INFO - Fetched and processed 20 records for country='gb', keyword='Data Engineer', page=1
2026-07-22 01:19:40,421 - INFO - Querying Adzuna API for country='gb', page=2, keyword='Data Engineer'
2026-07-22 01:19:41,011 - INFO - Fetched and processed 20 records for country='gb', keyword='Data Engineer', page=2
2026-07-22 01:19:42,240 - INFO - Pipeline executed successfully. Saved 400 JSON objects to data/raw/api_jobs_20260722_011942.json
2026-07-23 01:26:29,891 - INFO - Querying Adzuna API for country='in', page=1, keyword='Developer'
2026-07-23 01:26:30,439 - INFO - Fetched and processed 20 records for country='in', keyword='Developer', page=1
2026-07-23 01:26:32,186 - INFO - Querying Adzuna API for country='in', page=2, keyword='Developer'
2026-07-23 01:26:32,625 - INFO - Fetched and processed 20 records for country='in', keyword='Developer', page=2
2026-07-23 01:26:34,190 - INFO - Querying Adzuna API for country='in', page=1, keyword='Data Analyst'
2026-07-23 01:26:34,593 - INFO - Fetched and processed 20 records for country='in', keyword='Data Analyst', page=1
2026-07-23 01:26:36,193 - INFO - Querying Adzuna API for country='in', page=2, keyword='Data Analyst'
2026-07-23 01:26:36,596 - INFO - Fetched and processed 20 records for country='in', keyword='Data Analyst', page=2
2026-07-23 01:26:38,130 - INFO - Querying Adzuna API for country='in', page=1, keyword='Data Scientist'
2026-07-23 01:26:38,476 - INFO - Fetched and processed 20 records for country='in', keyword='Data Scientist', page=1
2026-07-23 01:26:39,857 - INFO - Querying Adzuna API for country='in', page=2, keyword='Data Scientist'
2026-07-23 01:26:40,307 - INFO - Fetched and processed 20 records for country='in', keyword='Data Scientist', page=2
2026-07-23 01:26:42,024 - INFO - Querying Adzuna API for country='in', page=1, keyword='Business Analyst'
2026-07-23 01:26:42,409 - INFO - Fetched and processed 20 records for country='in', keyword='Business Analyst', page=1
2026-07-23 01:26:44,189 - INFO - Querying Adzuna API for country='in', page=2, keyword='Business Analyst'
2026-07-23 01:26:44,595 - INFO - Fetched and processed 20 records for country='in', keyword='Business Analyst', page=2
2026-07-23 01:26:45,868 - INFO - Querying Adzuna API for country='in', page=1, keyword='Data Engineer'
2026-07-23 01:26:46,309 - INFO - Fetched and processed 20 records for country='in', keyword='Data Engineer', page=1
2026-07-23 01:26:47,674 - INFO - Querying Adzuna API for country='in', page=2, keyword='Data Engineer'
2026-07-23 01:26:48,149 - INFO - Fetched and processed 20 records for country='in', keyword='Data Engineer', page=2
2026-07-23 01:26:49,815 - INFO - Querying Adzuna API for country='gb', page=1, keyword='Developer'
2026-07-23 01:26:50,566 - INFO - Fetched and processed 20 records for country='gb', keyword='Developer', page=1
2026-07-23 01:26:52,366 - INFO - Querying Adzuna API for country='gb', page=2, keyword='Developer'
2026-07-23 01:26:52,879 - INFO - Fetched and processed 20 records for country='gb', keyword='Developer', page=2
2026-07-23 01:26:54,681 - INFO - Querying Adzuna API for country='gb', page=1, keyword='Data Analyst'
2026-07-23 01:26:55,088 - INFO - Fetched and processed 20 records for country='gb', keyword='Data Analyst', page=1
2026-07-23 01:26:56,350 - INFO - Querying Adzuna API for country='gb', page=2, keyword='Data Analyst'
2026-07-23 01:26:56,696 - INFO - Fetched and processed 20 records for country='gb', keyword='Data Analyst', page=2
2026-07-23 01:26:58,674 - INFO - Querying Adzuna API for country='gb', page=1, keyword='Data Scientist'
2026-07-23 01:26:59,134 - INFO - Fetched and processed 20 records for country='gb', keyword='Data Scientist', page=1
2026-07-23 01:27:00,660 - INFO - Querying Adzuna API for country='gb', page=2, keyword='Data Scientist'
2026-07-23 01:27:01,255 - INFO - Fetched and processed 20 records for country='gb', keyword='Data Scientist', page=2
2026-07-23 01:27:02,793 - INFO - Querying Adzuna API for country='gb', page=1, keyword='Business Analyst'
2026-07-23 01:27:03,376 - INFO - Fetched and processed 20 records for country='gb', keyword='Business Analyst', page=1
2026-07-23 01:27:04,520 - INFO - Querying Adzuna API for country='gb', page=2, keyword='Business Analyst'
2026-07-23 01:27:04,929 - INFO - Fetched and processed 20 records for country='gb', keyword='Business Analyst', page=2
2026-07-23 01:27:06,290 - INFO - Querying Adzuna API for country='gb', page=1, keyword='Data Engineer'
2026-07-23 01:27:06,757 - INFO - Fetched and processed 20 records for country='gb', keyword='Data Engineer', page=1
2026-07-23 01:27:08,233 - INFO - Querying Adzuna API for country='gb', page=2, keyword='Data Engineer'
2026-07-23 01:27:08,724 - INFO - Fetched and processed 20 records for country='gb', keyword='Data Engineer', page=2
2026-07-23 01:27:10,431 - INFO - Pipeline executed successfully. Saved 400 JSON objects to data/raw/api_jobs_20260723_012710.json
2026-07-24 01:22:05,095 - INFO - Querying Adzuna API for country='in', page=1, keyword='Developer'
2026-07-24 01:22:05,900 - INFO - Fetched and processed 20 records for country='in', keyword='Developer', page=1
2026-07-24 01:22:07,004 - INFO - Querying Adzuna API for country='in', page=2, keyword='Developer'
2026-07-24 01:22:07,790 - INFO - Fetched and processed 20 records for country='in', keyword='Developer', page=2
2026-07-24 01:22:09,450 - INFO - Querying Adzuna API for country='in', page=1, keyword='Data Analyst'
2026-07-24 01:22:10,218 - INFO - Fetched and processed 20 records for country='in', keyword='Data Analyst', page=1
2026-07-24 01:22:11,976 - INFO - Querying Adzuna API for country='in', page=2, keyword='Data Analyst'
2026-07-24 01:22:12,585 - INFO - Fetched and processed 20 records for country='in', keyword='Data Analyst', page=2
2026-07-24 01:22:13,716 - INFO - Querying Adzuna API for country='in', page=1, keyword='Data Scientist'
2026-07-24 01:22:14,308 - INFO - Fetched and processed 20 records for country='in', keyword='Data Scientist', page=1
2026-07-24 01:22:15,754 - INFO - Querying Adzuna API for country='in', page=2, keyword='Data Scientist'
2026-07-24 01:22:16,419 - INFO - Fetched and processed 20 records for country='in', keyword='Data Scientist', page=2
2026-07-24 01:22:18,201 - INFO - Querying Adzuna API for country='in', page=1, keyword='Business Analyst'
2026-07-24 01:22:18,877 - INFO - Fetched and processed 20 records for country='in', keyword='Business Analyst', page=1
2026-07-24 01:22:20,076 - INFO - Querying Adzuna API for country='in', page=2, keyword='Business Analyst'
2026-07-24 01:22:20,710 - INFO - Fetched and processed 20 records for country='in', keyword='Business Analyst', page=2
2026-07-24 01:22:22,113 - INFO - Querying Adzuna API for country='in', page=1, keyword='Data Engineer'
2026-07-24 01:22:22,874 - INFO - Fetched and processed 20 records for country='in', keyword='Data Engineer', page=1
2026-07-24 01:22:24,590 - INFO - Querying Adzuna API for country='in', page=2, keyword='Data Engineer'
2026-07-24 01:22:25,202 - INFO - Fetched and processed 20 records for country='in', keyword='Data Engineer', page=2
2026-07-24 01:22:27,022 - INFO - Querying Adzuna API for country='gb', page=1, keyword='Developer'
2026-07-24 01:22:27,800 - INFO - Fetched and processed 20 records for country='gb', keyword='Developer', page=1
2026-07-24 01:22:29,063 - INFO - Querying Adzuna API for country='gb', page=2, keyword='Developer'
2026-07-24 01:22:29,703 - INFO - Fetched and processed 20 records for country='gb', keyword='Developer', page=2
2026-07-24 01:22:31,438 - INFO - Querying Adzuna API for country='gb', page=1, keyword='Data Analyst'
2026-07-24 01:22:32,565 - INFO - Fetched and processed 20 records for country='gb', keyword='Data Analyst', page=1
2026-07-24 01:22:34,564 - INFO - Querying Adzuna API for country='gb', page=2, keyword='Data Analyst'
2026-07-24 01:22:35,336 - INFO - Fetched and processed 20 records for country='gb', keyword='Data Analyst', page=2
2026-07-24 01:22:37,274 - INFO - Querying Adzuna API for country='gb', page=1, keyword='Data Scientist'
2026-07-24 01:22:37,892 - INFO - Fetched and processed 20 records for country='gb', keyword='Data Scientist', page=1
2026-07-24 01:22:39,504 - INFO - Querying Adzuna API for country='gb', page=2, keyword='Data Scientist'
2026-07-24 01:22:40,137 - INFO - Fetched and processed 20 records for country='gb', keyword='Data Scientist', page=2
2026-07-24 01:22:41,855 - INFO - Querying Adzuna API for country='gb', page=1, keyword='Business Analyst'
2026-07-24 01:22:42,464 - INFO - Fetched and processed 20 records for country='gb', keyword='Business Analyst', page=1
2026-07-24 01:22:44,291 - INFO - Querying Adzuna API for country='gb', page=2, keyword='Business Analyst'
2026-07-24 01:22:44,907 - INFO - Fetched and processed 20 records for country='gb', keyword='Business Analyst', page=2
2026-07-24 01:22:46,369 - INFO - Querying Adzuna API for country='gb', page=1, keyword='Data Engineer'
2026-07-24 01:22:47,079 - INFO - Fetched and processed 20 records for country='gb', keyword='Data Engineer', page=1
2026-07-24 01:22:48,277 - INFO - Querying Adzuna API for country='gb', page=2, keyword='Data Engineer'
2026-07-24 01:22:48,971 - INFO - Fetched and processed 20 records for country='gb', keyword='Data Engineer', page=2
2026-07-24 01:22:50,816 - INFO - Pipeline executed successfully. Saved 400 JSON objects to data/raw/api_jobs_20260724_012250.json
2026-07-25 01:23:05,292 - INFO - Querying Adzuna API for country='in', page=1, keyword='Developer'
2026-07-25 01:23:06,116 - INFO - Fetched and processed 20 records for country='in', keyword='Developer', page=1
2026-07-25 01:23:07,988 - INFO - Querying Adzuna API for country='in', page=2, keyword='Developer'
2026-07-25 01:23:08,695 - INFO - Fetched and processed 20 records for country='in', keyword='Developer', page=2
2026-07-25 01:23:09,868 - INFO - Querying Adzuna API for country='in', page=1, keyword='Data Analyst'
2026-07-25 01:23:10,546 - INFO - Fetched and processed 20 records for country='in', keyword='Data Analyst', page=1
2026-07-25 01:23:12,298 - INFO - Querying Adzuna API for country='in', page=2, keyword='Data Analyst'
2026-07-25 01:23:12,998 - INFO - Fetched and processed 20 records for country='in', keyword='Data Analyst', page=2
2026-07-25 01:23:14,851 - INFO - Querying Adzuna API for country='in', page=1, keyword='Data Scientist'
2026-07-25 01:23:15,507 - INFO - Fetched and processed 20 records for country='in', keyword='Data Scientist', page=1
2026-07-25 01:23:16,926 - INFO - Querying Adzuna API for country='in', page=2, keyword='Data Scientist'
2026-07-25 01:23:17,500 - INFO - Fetched and processed 20 records for country='in', keyword='Data Scientist', page=2
2026-07-25 01:23:18,986 - INFO - Querying Adzuna API for country='in', page=1, keyword='Business Analyst'
2026-07-25 01:23:19,738 - INFO - Fetched and processed 20 records for country='in', keyword='Business Analyst', page=1
2026-07-25 01:23:21,266 - INFO - Querying Adzuna API for country='in', page=2, keyword='Business Analyst'
2026-07-25 01:23:21,905 - INFO - Fetched and processed 20 records for country='in', keyword='Business Analyst', page=2
2026-07-25 01:23:23,887 - INFO - Querying Adzuna API for country='in', page=1, keyword='Data Engineer'
2026-07-25 01:23:24,489 - INFO - Fetched and processed 20 records for country='in', keyword='Data Engineer', page=1
2026-07-25 01:23:25,783 - INFO - Querying Adzuna API for country='in', page=2, keyword='Data Engineer'
2026-07-25 01:23:26,462 - INFO - Fetched and processed 20 records for country='in', keyword='Data Engineer', page=2
2026-07-25 01:23:27,920 - INFO - Querying Adzuna API for country='gb', page=1, keyword='Developer'
2026-07-25 01:23:28,567 - INFO - Fetched and processed 20 records for country='gb', keyword='Developer', page=1
2026-07-25 01:23:29,572 - INFO - Querying Adzuna API for country='gb', page=2, keyword='Developer'
2026-07-25 01:23:30,340 - INFO - Fetched and processed 20 records for country='gb', keyword='Developer', page=2
2026-07-25 01:23:31,441 - INFO - Querying Adzuna API for country='gb', page=1, keyword='Data Analyst'
2026-07-25 01:23:31,964 - INFO - Fetched and processed 20 records for country='gb', keyword='Data Analyst', page=1
2026-07-25 01:23:33,878 - INFO - Querying Adzuna API for country='gb', page=2, keyword='Data Analyst'
2026-07-25 01:23:34,462 - INFO - Fetched and processed 20 records for country='gb', keyword='Data Analyst', page=2
2026-07-25 01:23:36,093 - INFO - Querying Adzuna API for country='gb', page=1, keyword='Data Scientist'
2026-07-25 01:23:36,757 - INFO - Fetched and processed 20 records for country='gb', keyword='Data Scientist', page=1
2026-07-25 01:23:38,097 - INFO - Querying Adzuna API for country='gb', page=2, keyword='Data Scientist'
2026-07-25 01:23:38,642 - INFO - Fetched and processed 20 records for country='gb', keyword='Data Scientist', page=2
2026-07-25 01:23:40,074 - INFO - Querying Adzuna API for country='gb', page=1, keyword='Business Analyst'
2026-07-25 01:23:40,607 - INFO - Fetched and processed 20 records for country='gb', keyword='Business Analyst', page=1
2026-07-25 01:23:42,588 - INFO - Querying Adzuna API for country='gb', page=2, keyword='Business Analyst'
2026-07-25 01:23:43,248 - INFO - Fetched and processed 20 records for country='gb', keyword='Business Analyst', page=2
2026-07-25 01:23:44,915 - INFO - Querying Adzuna API for country='gb', page=1, keyword='Data Engineer'
2026-07-25 01:23:45,589 - INFO - Fetched and processed 20 records for country='gb', keyword='Data Engineer', page=1
2026-07-25 01:23:46,969 - INFO - Querying Adzuna API for country='gb', page=2, keyword='Data Engineer'
2026-07-25 01:23:47,614 - INFO - Fetched and processed 20 records for country='gb', keyword='Data Engineer', page=2
2026-07-25 01:23:48,648 - INFO - Pipeline executed successfully. Saved 400 JSON objects to data/raw/api_jobs_20260725_012348.json
2026-07-26 01:25:55,921 - INFO - Querying Adzuna API for country='in', page=1, keyword='Developer'
2026-07-26 01:25:56,623 - INFO - Fetched and processed 20 records for country='in', keyword='Developer', page=1
2026-07-26 01:25:58,130 - INFO - Querying Adzuna API for country='in', page=2, keyword='Developer'
2026-07-26 01:25:58,710 - INFO - Fetched and processed 20 records for country='in', keyword='Developer', page=2
2026-07-26 01:26:00,711 - INFO - Querying Adzuna API for country='in', page=1, keyword='Data Analyst'
2026-07-26 01:26:01,303 - INFO - Fetched and processed 20 records for country='in', keyword='Data Analyst', page=1
2026-07-26 01:26:02,906 - INFO - Querying Adzuna API for country='in', page=2, keyword='Data Analyst'
2026-07-26 01:26:03,587 - INFO - Fetched and processed 20 records for country='in', keyword='Data Analyst', page=2
2026-07-26 01:26:04,769 - INFO - Querying Adzuna API for country='in', page=1, keyword='Data Scientist'
2026-07-26 01:26:05,406 - INFO - Fetched and processed 20 records for country='in', keyword='Data Scientist', page=1
2026-07-26 01:26:06,582 - INFO - Querying Adzuna API for country='in', page=2, keyword='Data Scientist'
2026-07-26 01:26:07,273 - INFO - Fetched and processed 20 records for country='in', keyword='Data Scientist', page=2
2026-07-26 01:26:08,301 - INFO - Querying Adzuna API for country='in', page=1, keyword='Business Analyst'
2026-07-26 01:26:08,945 - INFO - Fetched and processed 20 records for country='in', keyword='Business Analyst', page=1
2026-07-26 01:26:09,954 - INFO - Querying Adzuna API for country='in', page=2, keyword='Business Analyst'
2026-07-26 01:26:10,546 - INFO - Fetched and processed 20 records for country='in', keyword='Business Analyst', page=2
2026-07-26 01:26:11,841 - INFO - Querying Adzuna API for country='in', page=1, keyword='Data Engineer'
2026-07-26 01:26:12,519 - INFO - Fetched and processed 20 records for country='in', keyword='Data Engineer', page=1
2026-07-26 01:26:13,532 - INFO - Querying Adzuna API for country='in', page=2, keyword='Data Engineer'
2026-07-26 01:26:14,324 - INFO - Fetched and processed 20 records for country='in', keyword='Data Engineer', page=2
2026-07-26 01:26:16,145 - INFO - Querying Adzuna API for country='gb', page=1, keyword='Developer'
2026-07-26 01:26:16,972 - INFO - Fetched and processed 20 records for country='gb', keyword='Developer', page=1
2026-07-26 01:26:18,955 - INFO - Querying Adzuna API for country='gb', page=2, keyword='Developer'
2026-07-26 01:26:19,711 - INFO - Fetched and processed 20 records for country='gb', keyword='Developer', page=2
2026-07-26 01:26:20,971 - INFO - Querying Adzuna API for country='gb', page=1, keyword='Data Analyst'
2026-07-26 01:26:21,493 - INFO - Fetched and processed 20 records for country='gb', keyword='Data Analyst', page=1
2026-07-26 01:26:22,748 - INFO - Querying Adzuna API for country='gb', page=2, keyword='Data Analyst'
2026-07-26 01:26:23,306 - INFO - Fetched and processed 20 records for country='gb', keyword='Data Analyst', page=2
2026-07-26 01:26:25,149 - INFO - Querying Adzuna API for country='gb', page=1, keyword='Data Scientist'
2026-07-26 01:26:25,910 - INFO - Fetched and processed 20 records for country='gb', keyword='Data Scientist', page=1
2026-07-26 01:26:27,822 - INFO - Querying Adzuna API for country='gb', page=2, keyword='Data Scientist'
2026-07-26 01:26:28,547 - INFO - Fetched and processed 20 records for country='gb', keyword='Data Scientist', page=2
2026-07-26 01:26:30,324 - INFO - Querying Adzuna API for country='gb', page=1, keyword='Business Analyst'
2026-07-26 01:26:31,017 - INFO - Fetched and processed 20 records for country='gb', keyword='Business Analyst', page=1
2026-07-26 01:26:32,363 - INFO - Querying Adzuna API for country='gb', page=2, keyword='Business Analyst'
2026-07-26 01:26:33,112 - INFO - Fetched and processed 20 records for country='gb', keyword='Business Analyst', page=2
2026-07-26 01:26:34,897 - INFO - Querying Adzuna API for country='gb', page=1, keyword='Data Engineer'
2026-07-26 01:26:35,595 - INFO - Fetched and processed 20 records for country='gb', keyword='Data Engineer', page=1
2026-07-26 01:26:36,783 - INFO - Querying Adzuna API for country='gb', page=2, keyword='Data Engineer'
2026-07-26 01:26:37,392 - INFO - Fetched and processed 20 records for country='gb', keyword='Data Engineer', page=2
2026-07-26 01:26:39,144 - INFO - Pipeline executed successfully. Saved 400 JSON objects to data/raw/api_jobs_20260726_012639.json
2026-07-27 01:30:13,386 - INFO - Querying Adzuna API for country='in', page=1, keyword='Developer'
2026-07-27 01:30:13,635 - ERROR - HTTP Connection Blocked: 503 Server Error: Service Temporarily Unavailable for url: https://api.adzuna.com/v1/api/jobs/in/search/1?app_id=91538a0c&app_key=48ef784ab8511ecfc1ad8b771e41346b&results_per_page=20&what=Developer&content-type=application%2Fjson
2026-07-27 01:30:14,905 - INFO - Querying Adzuna API for country='in', page=2, keyword='Developer'
2026-07-27 01:30:17,100 - INFO - Fetched and processed 20 records for country='in', keyword='Developer', page=2
2026-07-27 01:30:18,795 - INFO - Querying Adzuna API for country='in', page=1, keyword='Data Analyst'
2026-07-27 01:30:20,875 - INFO - Fetched and processed 20 records for country='in', keyword='Data Analyst', page=1
2026-07-27 01:30:22,145 - INFO - Querying Adzuna API for country='in', page=2, keyword='Data Analyst'
2026-07-27 01:30:22,836 - INFO - Fetched and processed 20 records for country='in', keyword='Data Analyst', page=2
2026-07-27 01:30:24,760 - INFO - Querying Adzuna API for country='in', page=1, keyword='Data Scientist'
2026-07-27 01:30:25,919 - INFO - Fetched and processed 20 records for country='in', keyword='Data Scientist', page=1
2026-07-27 01:30:27,085 - INFO - Querying Adzuna API for country='in', page=2, keyword='Data Scientist'
2026-07-27 01:30:28,354 - INFO - Fetched and processed 20 records for country='in', keyword='Data Scientist', page=2
2026-07-27 01:30:29,374 - INFO - Querying Adzuna API for country='in', page=1, keyword='Business Analyst'
2026-07-27 01:30:30,345 - INFO - Fetched and processed 20 records for country='in', keyword='Business Analyst', page=1
2026-07-27 01:30:31,429 - INFO - Querying Adzuna API for country='in', page=2, keyword='Business Analyst'
2026-07-27 01:30:31,965 - INFO - Fetched and processed 20 records for country='in', keyword='Business Analyst', page=2
2026-07-27 01:30:33,633 - INFO - Querying Adzuna API for country='in', page=1, keyword='Data Engineer'
2026-07-27 01:30:34,413 - INFO - Fetched and processed 20 records for country='in', keyword='Data Engineer', page=1
2026-07-27 01:30:35,482 - INFO - Querying Adzuna API for country='in', page=2, keyword='Data Engineer'
2026-07-27 01:30:36,037 - INFO - Fetched and processed 20 records for country='in', keyword='Data Engineer', page=2
2026-07-27 01:30:37,581 - INFO - Querying Adzuna API for country='gb', page=1, keyword='Developer'
2026-07-27 01:30:38,683 - INFO - Fetched and processed 20 records for country='gb', keyword='Developer', page=1
2026-07-27 01:30:40,662 - INFO - Querying Adzuna API for country='gb', page=2, keyword='Developer'
2026-07-27 01:30:41,479 - INFO - Fetched and processed 20 records for country='gb', keyword='Developer', page=2
2026-07-27 01:30:43,065 - INFO - Querying Adzuna API for country='gb', page=1, keyword='Data Analyst'
2026-07-27 01:30:43,812 - INFO - Fetched and processed 20 records for country='gb', keyword='Data Analyst', page=1
2026-07-27 01:30:45,177 - INFO - Querying Adzuna API for country='gb', page=2, keyword='Data Analyst'
2026-07-27 01:30:46,443 - INFO - Fetched and processed 20 records for country='gb', keyword='Data Analyst', page=2
2026-07-27 01:30:47,526 - INFO - Querying Adzuna API for country='gb', page=1, keyword='Data Scientist'
2026-07-27 01:30:48,410 - INFO - Fetched and processed 20 records for country='gb', keyword='Data Scientist', page=1
2026-07-27 01:30:50,122 - INFO - Querying Adzuna API for country='gb', page=2, keyword='Data Scientist'
2026-07-27 01:30:50,822 - INFO - Fetched and processed 20 records for country='gb', keyword='Data Scientist', page=2
2026-07-27 01:30:52,531 - INFO - Querying Adzuna API for country='gb', page=1, keyword='Business Analyst'
2026-07-27 01:30:53,476 - INFO - Fetched and processed 20 records for country='gb', keyword='Business Analyst', page=1
2026-07-27 01:30:54,585 - INFO - Querying Adzuna API for country='gb', page=2, keyword='Business Analyst'
2026-07-27 01:30:55,564 - INFO - Fetched and processed 20 records for country='gb', keyword='Business Analyst', page=2
2026-07-27 01:30:57,405 - INFO - Querying Adzuna API for country='gb', page=1, keyword='Data Engineer'
2026-07-27 01:30:58,482 - INFO - Fetched and processed 20 records for country='gb', keyword='Data Engineer', page=1
2026-07-27 01:31:00,264 - INFO - Querying Adzuna API for country='gb', page=2, keyword='Data Engineer'
2026-07-27 01:31:01,363 - INFO - Fetched and processed 20 records for country='gb', keyword='Data Engineer', page=2
2026-07-27 01:31:02,596 - INFO - Pipeline executed successfully. Saved 380 JSON objects to data/raw/api_jobs_20260727_013102.json
2026-07-28 01:18:01,319 - INFO - Querying Adzuna API for country='in', page=1, keyword='Developer'
2026-07-28 01:18:02,109 - INFO - Fetched and processed 20 records for country='in', keyword='Developer', page=1
2026-07-28 01:18:03,465 - INFO - Querying Adzuna API for country='in', page=2, keyword='Developer'
2026-07-28 01:18:03,960 - INFO - Fetched and processed 20 records for country='in', keyword='Developer', page=2
2026-07-28 01:18:05,160 - INFO - Querying Adzuna API for country='in', page=1, keyword='Data Analyst'
2026-07-28 01:18:05,714 - INFO - Fetched and processed 20 records for country='in', keyword='Data Analyst', page=1
2026-07-28 01:18:07,580 - INFO - Querying Adzuna API for country='in', page=2, keyword='Data Analyst'
2026-07-28 01:18:08,129 - INFO - Fetched and processed 20 records for country='in', keyword='Data Analyst', page=2
2026-07-28 01:18:09,928 - INFO - Querying Adzuna API for country='in', page=1, keyword='Data Scientist'
2026-07-28 01:18:10,416 - INFO - Fetched and processed 20 records for country='in', keyword='Data Scientist', page=1
2026-07-28 01:18:11,979 - INFO - Querying Adzuna API for country='in', page=2, keyword='Data Scientist'
2026-07-28 01:18:12,565 - INFO - Fetched and processed 20 records for country='in', keyword='Data Scientist', page=2
2026-07-28 01:18:14,520 - INFO - Querying Adzuna API for country='in', page=1, keyword='Business Analyst'
2026-07-28 01:18:15,048 - INFO - Fetched and processed 20 records for country='in', keyword='Business Analyst', page=1
2026-07-28 01:18:16,115 - INFO - Querying Adzuna API for country='in', page=2, keyword='Business Analyst'
2026-07-28 01:18:16,708 - INFO - Fetched and processed 20 records for country='in', keyword='Business Analyst', page=2
2026-07-28 01:18:18,172 - INFO - Querying Adzuna API for country='in', page=1, keyword='Data Engineer'
2026-07-28 01:18:18,740 - INFO - Fetched and processed 20 records for country='in', keyword='Data Engineer', page=1
2026-07-28 01:18:20,055 - INFO - Querying Adzuna API for country='in', page=2, keyword='Data Engineer'
2026-07-28 01:18:20,650 - INFO - Fetched and processed 20 records for country='in', keyword='Data Engineer', page=2
2026-07-28 01:18:22,475 - INFO - Querying Adzuna API for country='gb', page=1, keyword='Developer'
2026-07-28 01:18:23,166 - INFO - Fetched and processed 20 records for country='gb', keyword='Developer', page=1
2026-07-28 01:18:24,850 - INFO - Querying Adzuna API for country='gb', page=2, keyword='Developer'
2026-07-28 01:18:25,527 - INFO - Fetched and processed 20 records for country='gb', keyword='Developer', page=2
2026-07-28 01:18:26,572 - INFO - Querying Adzuna API for country='gb', page=1, keyword='Data Analyst'
2026-07-28 01:18:27,078 - INFO - Fetched and processed 20 records for country='gb', keyword='Data Analyst', page=1
2026-07-28 01:18:28,422 - INFO - Querying Adzuna API for country='gb', page=2, keyword='Data Analyst'
2026-07-28 01:18:28,934 - INFO - Fetched and processed 20 records for country='gb', keyword='Data Analyst', page=2
2026-07-28 01:18:30,883 - INFO - Querying Adzuna API for country='gb', page=1, keyword='Data Scientist'
2026-07-28 01:18:31,470 - INFO - Fetched and processed 20 records for country='gb', keyword='Data Scientist', page=1
2026-07-28 01:18:33,128 - INFO - Querying Adzuna API for country='gb', page=2, keyword='Data Scientist'
2026-07-28 01:18:33,685 - INFO - Fetched and processed 20 records for country='gb', keyword='Data Scientist', page=2
2026-07-28 01:18:35,658 - INFO - Querying Adzuna API for country='gb', page=1, keyword='Business Analyst'
2026-07-28 01:18:36,166 - INFO - Fetched and processed 20 records for country='gb', keyword='Business Analyst', page=1
2026-07-28 01:18:37,846 - INFO - Querying Adzuna API for country='gb', page=2, keyword='Business Analyst'
2026-07-28 01:18:38,416 - INFO - Fetched and processed 20 records for country='gb', keyword='Business Analyst', page=2
2026-07-28 01:18:39,855 - INFO - Querying Adzuna API for country='gb', page=1, keyword='Data Engineer'
2026-07-28 01:18:40,463 - INFO - Fetched and processed 20 records for country='gb', keyword='Data Engineer', page=1
2026-07-28 01:18:41,662 - INFO - Querying Adzuna API for country='gb', page=2, keyword='Data Engineer'
2026-07-28 01:18:42,270 - INFO - Fetched and processed 20 records for country='gb', keyword='Data Engineer', page=2
2026-07-28 01:18:43,287 - INFO - Pipeline executed successfully. Saved 400 JSON objects to data/raw/api_jobs_20260728_011843.json
2026-07-29 01:19:54,218 - INFO - Querying Adzuna API for country='in', page=1, keyword='Developer'
2026-07-29 01:19:54,648 - INFO - Fetched and processed 20 records for country='in', keyword='Developer', page=1
2026-07-29 01:19:56,492 - INFO - Querying Adzuna API for country='in', page=2, keyword='Developer'
2026-07-29 01:19:56,847 - INFO - Fetched and processed 20 records for country='in', keyword='Developer', page=2
2026-07-29 01:19:58,718 - INFO - Querying Adzuna API for country='in', page=1, keyword='Data Analyst'
2026-07-29 01:19:59,071 - INFO - Fetched and processed 20 records for country='in', keyword='Data Analyst', page=1
2026-07-29 01:20:00,940 - INFO - Querying Adzuna API for country='in', page=2, keyword='Data Analyst'
2026-07-29 01:20:01,625 - INFO - Fetched and processed 20 records for country='in', keyword='Data Analyst', page=2
2026-07-29 01:20:03,447 - INFO - Querying Adzuna API for country='in', page=1, keyword='Data Scientist'
2026-07-29 01:20:04,071 - INFO - Fetched and processed 20 records for country='in', keyword='Data Scientist', page=1
2026-07-29 01:20:05,882 - INFO - Querying Adzuna API for country='in', page=2, keyword='Data Scientist'
2026-07-29 01:20:06,414 - INFO - Fetched and processed 20 records for country='in', keyword='Data Scientist', page=2
2026-07-29 01:20:08,021 - INFO - Querying Adzuna API for country='in', page=1, keyword='Business Analyst'
2026-07-29 01:20:08,569 - INFO - Fetched and processed 20 records for country='in', keyword='Business Analyst', page=1
2026-07-29 01:20:09,798 - INFO - Querying Adzuna API for country='in', page=2, keyword='Business Analyst'
2026-07-29 01:20:10,537 - INFO - Fetched and processed 20 records for country='in', keyword='Business Analyst', page=2
2026-07-29 01:20:11,794 - INFO - Querying Adzuna API for country='in', page=1, keyword='Data Engineer'
2026-07-29 01:20:12,193 - INFO - Fetched and processed 20 records for country='in', keyword='Data Engineer', page=1
2026-07-29 01:20:13,530 - INFO - Querying Adzuna API for country='in', page=2, keyword='Data Engineer'
2026-07-29 01:20:13,878 - INFO - Fetched and processed 20 records for country='in', keyword='Data Engineer', page=2
2026-07-29 01:20:15,079 - INFO - Querying Adzuna API for country='gb', page=1, keyword='Developer'
2026-07-29 01:20:15,498 - INFO - Fetched and processed 20 records for country='gb', keyword='Developer', page=1
2026-07-29 01:20:16,530 - INFO - Querying Adzuna API for country='gb', page=2, keyword='Developer'
2026-07-29 01:20:17,068 - INFO - Fetched and processed 20 records for country='gb', keyword='Developer', page=2
2026-07-29 01:20:18,224 - INFO - Querying Adzuna API for country='gb', page=1, keyword='Data Analyst'
2026-07-29 01:20:18,756 - INFO - Fetched and processed 20 records for country='gb', keyword='Data Analyst', page=1
2026-07-29 01:20:19,874 - INFO - Querying Adzuna API for country='gb', page=2, keyword='Data Analyst'
2026-07-29 01:20:20,296 - INFO - Fetched and processed 20 records for country='gb', keyword='Data Analyst', page=2
2026-07-29 01:20:21,307 - INFO - Querying Adzuna API for country='gb', page=1, keyword='Data Scientist'
2026-07-29 01:20:21,727 - INFO - Fetched and processed 20 records for country='gb', keyword='Data Scientist', page=1
2026-07-29 01:20:23,271 - INFO - Querying Adzuna API for country='gb', page=2, keyword='Data Scientist'
2026-07-29 01:20:23,814 - INFO - Fetched and processed 20 records for country='gb', keyword='Data Scientist', page=2
2026-07-29 01:20:25,438 - INFO - Querying Adzuna API for country='gb', page=1, keyword='Business Analyst'
2026-07-29 01:20:25,907 - INFO - Fetched and processed 20 records for country='gb', keyword='Business Analyst', page=1
2026-07-29 01:20:27,568 - INFO - Querying Adzuna API for country='gb', page=2, keyword='Business Analyst'
2026-07-29 01:20:27,964 - INFO - Fetched and processed 20 records for country='gb', keyword='Business Analyst', page=2
2026-07-29 01:20:29,681 - INFO - Querying Adzuna API for country='gb', page=1, keyword='Data Engineer'
2026-07-29 01:20:30,144 - INFO - Fetched and processed 20 records for country='gb', keyword='Data Engineer', page=1
2026-07-29 01:20:32,011 - INFO - Querying Adzuna API for country='gb', page=2, keyword='Data Engineer'
2026-07-29 01:20:32,492 - INFO - Fetched and processed 20 records for country='gb', keyword='Data Engineer', page=2
2026-07-29 01:20:33,909 - INFO - Pipeline executed successfully. Saved 400 JSON objects to data/raw/api_jobs_20260729_012033.json
2026-07-30 01:13:31,570 - INFO - Querying Adzuna API for country='in', page=1, keyword='Developer'
2026-07-30 01:13:32,019 - INFO - Fetched and processed 20 records for country='in', keyword='Developer', page=1
2026-07-30 01:13:33,275 - INFO - Querying Adzuna API for country='in', page=2, keyword='Developer'
2026-07-30 01:13:33,602 - INFO - Fetched and processed 20 records for country='in', keyword='Developer', page=2
2026-07-30 01:13:35,047 - INFO - Querying Adzuna API for country='in', page=1, keyword='Data Analyst'
2026-07-30 01:13:35,522 - INFO - Fetched and processed 20 records for country='in', keyword='Data Analyst', page=1
2026-07-30 01:13:37,336 - INFO - Querying Adzuna API for country='in', page=2, keyword='Data Analyst'
2026-07-30 01:13:37,717 - INFO - Fetched and processed 20 records for country='in', keyword='Data Analyst', page=2
2026-07-30 01:13:39,418 - INFO - Querying Adzuna API for country='in', page=1, keyword='Data Scientist'
2026-07-30 01:13:39,736 - INFO - Fetched and processed 20 records for country='in', keyword='Data Scientist', page=1
2026-07-30 01:13:40,796 - INFO - Querying Adzuna API for country='in', page=2, keyword='Data Scientist'
2026-07-30 01:13:41,149 - INFO - Fetched and processed 20 records for country='in', keyword='Data Scientist', page=2
2026-07-30 01:13:43,069 - INFO - Querying Adzuna API for country='in', page=1, keyword='Business Analyst'
2026-07-30 01:13:43,470 - INFO - Fetched and processed 20 records for country='in', keyword='Business Analyst', page=1
2026-07-30 01:13:45,389 - INFO - Querying Adzuna API for country='in', page=2, keyword='Business Analyst'
2026-07-30 01:13:45,821 - INFO - Fetched and processed 20 records for country='in', keyword='Business Analyst', page=2
2026-07-30 01:13:47,322 - INFO - Querying Adzuna API for country='in', page=1, keyword='Data Engineer'
2026-07-30 01:13:47,672 - INFO - Fetched and processed 20 records for country='in', keyword='Data Engineer', page=1
2026-07-30 01:13:49,306 - INFO - Querying Adzuna API for country='in', page=2, keyword='Data Engineer'
2026-07-30 01:13:49,607 - INFO - Fetched and processed 20 records for country='in', keyword='Data Engineer', page=2
2026-07-30 01:13:50,753 - INFO - Querying Adzuna API for country='gb', page=1, keyword='Developer'
2026-07-30 01:13:51,223 - INFO - Fetched and processed 20 records for country='gb', keyword='Developer', page=1
2026-07-30 01:13:53,205 - INFO - Querying Adzuna API for country='gb', page=2, keyword='Developer'
2026-07-30 01:13:53,678 - INFO - Fetched and processed 20 records for country='gb', keyword='Developer', page=2
2026-07-30 01:13:55,113 - INFO - Querying Adzuna API for country='gb', page=1, keyword='Data Analyst'
2026-07-30 01:13:55,475 - INFO - Fetched and processed 20 records for country='gb', keyword='Data Analyst', page=1
2026-07-30 01:13:56,533 - INFO - Querying Adzuna API for country='gb', page=2, keyword='Data Analyst'
2026-07-30 01:13:56,880 - INFO - Fetched and processed 20 records for country='gb', keyword='Data Analyst', page=2
2026-07-30 01:13:57,910 - INFO - Querying Adzuna API for country='gb', page=1, keyword='Data Scientist'
2026-07-30 01:13:58,299 - INFO - Fetched and processed 20 records for country='gb', keyword='Data Scientist', page=1
2026-07-30 01:13:59,956 - INFO - Querying Adzuna API for country='gb', page=2, keyword='Data Scientist'
2026-07-30 01:14:00,333 - INFO - Fetched and processed 20 records for country='gb', keyword='Data Scientist', page=2
2026-07-30 01:14:01,742 - INFO - Querying Adzuna API for country='gb', page=1, keyword='Business Analyst'
2026-07-30 01:14:02,255 - INFO - Fetched and processed 20 records for country='gb', keyword='Business Analyst', page=1
2026-07-30 01:14:03,907 - INFO - Querying Adzuna API for country='gb', page=2, keyword='Business Analyst'
2026-07-30 01:14:04,361 - INFO - Fetched and processed 20 records for country='gb', keyword='Business Analyst', page=2
2026-07-30 01:14:06,061 - INFO - Querying Adzuna API for country='gb', page=1, keyword='Data Engineer'
2026-07-30 01:14:06,389 - INFO - Fetched and processed 20 records for country='gb', keyword='Data Engineer', page=1
2026-07-30 01:14:07,423 - INFO - Querying Adzuna API for country='gb', page=2, keyword='Data Engineer'
2026-07-30 01:14:07,803 - INFO - Fetched and processed 20 records for country='gb', keyword='Data Engineer', page=2
2026-07-30 01:14:08,877 - INFO - Pipeline executed successfully. Saved 400 JSON objects to data/raw/api_jobs_20260730_011408.json
2026-07-31 01:26:20,908 - INFO - Querying Adzuna API for country='in', page=1, keyword='Developer'
2026-07-31 01:26:21,609 - INFO - Fetched and processed 20 records for country='in', keyword='Developer', page=1
2026-07-31 01:26:23,303 - INFO - Querying Adzuna API for country='in', page=2, keyword='Developer'
2026-07-31 01:26:23,749 - INFO - Fetched and processed 20 records for country='in', keyword='Developer', page=2
2026-07-31 01:26:25,366 - INFO - Querying Adzuna API for country='in', page=1, keyword='Data Analyst'
2026-07-31 01:26:25,810 - INFO - Fetched and processed 20 records for country='in', keyword='Data Analyst', page=1
2026-07-31 01:26:27,274 - INFO - Querying Adzuna API for country='in', page=2, keyword='Data Analyst'
2026-07-31 01:26:27,825 - INFO - Fetched and processed 20 records for country='in', keyword='Data Analyst', page=2
2026-07-31 01:26:29,770 - INFO - Querying Adzuna API for country='in', page=1, keyword='Data Scientist'
2026-07-31 01:26:30,194 - INFO - Fetched and processed 20 records for country='in', keyword='Data Scientist', page=1
2026-07-31 01:26:31,305 - INFO - Querying Adzuna API for country='in', page=2, keyword='Data Scientist'
2026-07-31 01:26:31,813 - INFO - Fetched and processed 20 records for country='in', keyword='Data Scientist', page=2
2026-07-31 01:26:32,991 - INFO - Querying Adzuna API for country='in', page=1, keyword='Business Analyst'
2026-07-31 01:26:33,425 - INFO - Fetched and processed 20 records for country='in', keyword='Business Analyst', page=1
2026-07-31 01:26:34,879 - INFO - Querying Adzuna API for country='in', page=2, keyword='Business Analyst'
2026-07-31 01:26:35,500 - INFO - Fetched and processed 20 records for country='in', keyword='Business Analyst', page=2
2026-07-31 01:26:36,794 - INFO - Querying Adzuna API for country='in', page=1, keyword='Data Engineer'
2026-07-31 01:26:37,252 - INFO - Fetched and processed 20 records for country='in', keyword='Data Engineer', page=1
2026-07-31 01:26:38,708 - INFO - Querying Adzuna API for country='in', page=2, keyword='Data Engineer'
2026-07-31 01:26:39,226 - INFO - Fetched and processed 20 records for country='in', keyword='Data Engineer', page=2
2026-07-31 01:26:40,284 - INFO - Querying Adzuna API for country='gb', page=1, keyword='Developer'
2026-07-31 01:26:40,805 - INFO - Fetched and processed 20 records for country='gb', keyword='Developer', page=1
2026-07-31 01:26:42,596 - INFO - Querying Adzuna API for country='gb', page=2, keyword='Developer'
2026-07-31 01:26:43,241 - INFO - Fetched and processed 20 records for country='gb', keyword='Developer', page=2
2026-07-31 01:26:44,767 - INFO - Querying Adzuna API for country='gb', page=1, keyword='Data Analyst'
2026-07-31 01:26:45,211 - INFO - Fetched and processed 20 records for country='gb', keyword='Data Analyst', page=1
2026-07-31 01:26:46,451 - INFO - Querying Adzuna API for country='gb', page=2, keyword='Data Analyst'
2026-07-31 01:26:46,883 - INFO - Fetched and processed 20 records for country='gb', keyword='Data Analyst', page=2
2026-07-31 01:26:48,366 - INFO - Querying Adzuna API for country='gb', page=1, keyword='Data Scientist'
2026-07-31 01:26:48,955 - INFO - Fetched and processed 20 records for country='gb', keyword='Data Scientist', page=1
2026-07-31 01:26:50,459 - INFO - Querying Adzuna API for country='gb', page=2, keyword='Data Scientist'
2026-07-31 01:26:51,103 - INFO - Fetched and processed 20 records for country='gb', keyword='Data Scientist', page=2
2026-07-31 01:26:52,208 - INFO - Querying Adzuna API for country='gb', page=1, keyword='Business Analyst'
2026-07-31 01:26:52,693 - INFO - Fetched and processed 20 records for country='gb', keyword='Business Analyst', page=1
2026-07-31 01:26:54,687 - INFO - Querying Adzuna API for country='gb', page=2, keyword='Business Analyst'
2026-07-31 01:26:55,254 - INFO - Fetched and processed 20 records for country='gb', keyword='Business Analyst', page=2
2026-07-31 01:26:56,814 - INFO - Querying Adzuna API for country='gb', page=1, keyword='Data Engineer'
2026-07-31 01:26:57,276 - INFO - Fetched and processed 20 records for country='gb', keyword='Data Engineer', page=1
2026-07-31 01:26:58,829 - INFO - Querying Adzuna API for country='gb', page=2, keyword='Data Engineer'
2026-07-31 01:26:59,316 - INFO - Fetched and processed 20 records for country='gb', keyword='Data Engineer', page=2
2026-07-31 01:27:00,910 - INFO - Pipeline executed successfully. Saved 400 JSON objects to data/raw/api_jobs_20260731_012700.json
2026-08-01 01:27:25,400 - INFO - Querying Adzuna API for country='in', page=1, keyword='Developer'
2026-08-01 01:27:26,185 - INFO - Fetched and processed 20 records for country='in', keyword='Developer', page=1
2026-08-01 01:27:27,938 - INFO - Querying Adzuna API for country='in', page=2, keyword='Developer'
2026-08-01 01:27:28,557 - INFO - Fetched and processed 20 records for country='in', keyword='Developer', page=2
2026-08-01 01:27:30,498 - INFO - Querying Adzuna API for country='in', page=1, keyword='Data Analyst'
2026-08-01 01:27:31,056 - INFO - Fetched and processed 20 records for country='in', keyword='Data Analyst', page=1
2026-08-01 01:27:32,118 - INFO - Querying Adzuna API for country='in', page=2, keyword='Data Analyst'
2026-08-01 01:27:32,622 - INFO - Fetched and processed 20 records for country='in', keyword='Data Analyst', page=2
2026-08-01 01:27:34,549 - INFO - Querying Adzuna API for country='in', page=1, keyword='Data Scientist'
2026-08-01 01:27:35,109 - INFO - Fetched and processed 20 records for country='in', keyword='Data Scientist', page=1
2026-08-01 01:27:36,151 - INFO - Querying Adzuna API for country='in', page=2, keyword='Data Scientist'
2026-08-01 01:27:36,743 - INFO - Fetched and processed 20 records for country='in', keyword='Data Scientist', page=2
2026-08-01 01:27:37,930 - INFO - Querying Adzuna API for country='in', page=1, keyword='Business Analyst'
2026-08-01 01:27:38,398 - INFO - Fetched and processed 20 records for country='in', keyword='Business Analyst', page=1
2026-08-01 01:27:39,616 - INFO - Querying Adzuna API for country='in', page=2, keyword='Business Analyst'
2026-08-01 01:27:40,278 - INFO - Fetched and processed 20 records for country='in', keyword='Business Analyst', page=2
2026-08-01 01:27:41,430 - INFO - Querying Adzuna API for country='in', page=1, keyword='Data Engineer'
2026-08-01 01:27:41,985 - INFO - Fetched and processed 20 records for country='in', keyword='Data Engineer', page=1
2026-08-01 01:27:43,370 - INFO - Querying Adzuna API for country='in', page=2, keyword='Data Engineer'
2026-08-01 01:27:43,936 - INFO - Fetched and processed 20 records for country='in', keyword='Data Engineer', page=2
2026-08-01 01:27:45,423 - INFO - Querying Adzuna API for country='gb', page=1, keyword='Developer'
2026-08-01 01:27:46,080 - INFO - Fetched and processed 20 records for country='gb', keyword='Developer', page=1
2026-08-01 01:27:47,658 - INFO - Querying Adzuna API for country='gb', page=2, keyword='Developer'
2026-08-01 01:27:48,419 - INFO - Fetched and processed 20 records for country='gb', keyword='Developer', page=2
2026-08-01 01:27:50,123 - INFO - Querying Adzuna API for country='gb', page=1, keyword='Data Analyst'
2026-08-01 01:27:50,737 - INFO - Fetched and processed 20 records for country='gb', keyword='Data Analyst', page=1
2026-08-01 01:27:51,866 - INFO - Querying Adzuna API for country='gb', page=2, keyword='Data Analyst'
2026-08-01 01:27:52,567 - INFO - Fetched and processed 20 records for country='gb', keyword='Data Analyst', page=2
2026-08-01 01:27:53,584 - INFO - Querying Adzuna API for country='gb', page=1, keyword='Data Scientist'
2026-08-01 01:27:54,180 - INFO - Fetched and processed 20 records for country='gb', keyword='Data Scientist', page=1
2026-08-01 01:27:56,110 - INFO - Querying Adzuna API for country='gb', page=2, keyword='Data Scientist'
2026-08-01 01:27:56,783 - INFO - Fetched and processed 20 records for country='gb', keyword='Data Scientist', page=2
2026-08-01 01:27:58,012 - INFO - Querying Adzuna API for country='gb', page=1, keyword='Business Analyst'
2026-08-01 01:27:58,637 - INFO - Fetched and processed 20 records for country='gb', keyword='Business Analyst', page=1
2026-08-01 01:27:59,710 - INFO - Querying Adzuna API for country='gb', page=2, keyword='Business Analyst'
2026-08-01 01:28:00,298 - INFO - Fetched and processed 20 records for country='gb', keyword='Business Analyst', page=2
2026-08-01 01:28:01,554 - INFO - Querying Adzuna API for country='gb', page=1, keyword='Data Engineer'
2026-08-01 01:28:02,306 - INFO - Fetched and processed 20 records for country='gb', keyword='Data Engineer', page=1
2026-08-01 01:28:03,334 - INFO - Querying Adzuna API for country='gb', page=2, keyword='Data Engineer'
2026-08-01 01:28:03,905 - INFO - Fetched and processed 20 records for country='gb', keyword='Data Engineer', page=2
2026-08-01 01:28:05,571 - INFO - Pipeline executed successfully. Saved 400 JSON objects to data/raw/api_jobs_20260801_012805.json
2026-08-02 01:25:08,888 - INFO - Querying Adzuna API for country='in', page=1, keyword='Developer'
2026-08-02 01:25:09,546 - INFO - Fetched and processed 20 records for country='in', keyword='Developer', page=1
2026-08-02 01:25:11,312 - INFO - Querying Adzuna API for country='in', page=2, keyword='Developer'
2026-08-02 01:25:11,911 - INFO - Fetched and processed 20 records for country='in', keyword='Developer', page=2
2026-08-02 01:25:13,329 - INFO - Querying Adzuna API for country='in', page=1, keyword='Data Analyst'
2026-08-02 01:25:13,959 - INFO - Fetched and processed 20 records for country='in', keyword='Data Analyst', page=1
2026-08-02 01:25:15,217 - INFO - Querying Adzuna API for country='in', page=2, keyword='Data Analyst'
2026-08-02 01:25:15,742 - INFO - Fetched and processed 20 records for country='in', keyword='Data Analyst', page=2
2026-08-02 01:25:17,212 - INFO - Querying Adzuna API for country='in', page=1, keyword='Data Scientist'
2026-08-02 01:25:17,745 - INFO - Fetched and processed 20 records for country='in', keyword='Data Scientist', page=1
2026-08-02 01:25:19,141 - INFO - Querying Adzuna API for country='in', page=2, keyword='Data Scientist'
2026-08-02 01:25:19,758 - INFO - Fetched and processed 20 records for country='in', keyword='Data Scientist', page=2
2026-08-02 01:25:20,834 - INFO - Querying Adzuna API for country='in', page=1, keyword='Business Analyst'
2026-08-02 01:25:21,377 - INFO - Fetched and processed 20 records for country='in', keyword='Business Analyst', page=1
2026-08-02 01:25:22,997 - INFO - Querying Adzuna API for country='in', page=2, keyword='Business Analyst'
2026-08-02 01:25:23,601 - INFO - Fetched and processed 20 records for country='in', keyword='Business Analyst', page=2
2026-08-02 01:25:25,416 - INFO - Querying Adzuna API for country='in', page=1, keyword='Data Engineer'
2026-08-02 01:25:25,978 - INFO - Fetched and processed 20 records for country='in', keyword='Data Engineer', page=1
2026-08-02 01:25:27,251 - INFO - Querying Adzuna API for country='in', page=2, keyword='Data Engineer'
2026-08-02 01:25:27,782 - INFO - Fetched and processed 20 records for country='in', keyword='Data Engineer', page=2
2026-08-02 01:25:28,917 - INFO - Querying Adzuna API for country='gb', page=1, keyword='Developer'
2026-08-02 01:25:29,556 - INFO - Fetched and processed 20 records for country='gb', keyword='Developer', page=1
2026-08-02 01:25:31,411 - INFO - Querying Adzuna API for country='gb', page=2, keyword='Developer'
2026-08-02 01:25:32,029 - INFO - Fetched and processed 20 records for country='gb', keyword='Developer', page=2
2026-08-02 01:25:33,833 - INFO - Querying Adzuna API for country='gb', page=1, keyword='Data Analyst'
2026-08-02 01:25:34,342 - INFO - Fetched and processed 20 records for country='gb', keyword='Data Analyst', page=1
2026-08-02 01:25:35,521 - INFO - Querying Adzuna API for country='gb', page=2, keyword='Data Analyst'
2026-08-02 01:25:36,059 - INFO - Fetched and processed 20 records for country='gb', keyword='Data Analyst', page=2
2026-08-02 01:25:37,935 - INFO - Querying Adzuna API for country='gb', page=1, keyword='Data Scientist'
2026-08-02 01:25:38,428 - INFO - Fetched and processed 20 records for country='gb', keyword='Data Scientist', page=1
2026-08-02 01:25:40,220 - INFO - Querying Adzuna API for country='gb', page=2, keyword='Data Scientist'
2026-08-02 01:25:40,837 - INFO - Fetched and processed 20 records for country='gb', keyword='Data Scientist', page=2
2026-08-02 01:25:42,605 - INFO - Querying Adzuna API for country='gb', page=1, keyword='Business Analyst'
2026-08-02 01:25:43,242 - INFO - Fetched and processed 20 records for country='gb', keyword='Business Analyst', page=1
2026-08-02 01:25:44,904 - INFO - Querying Adzuna API for country='gb', page=2, keyword='Business Analyst'
2026-08-02 01:25:45,621 - INFO - Fetched and processed 20 records for country='gb', keyword='Business Analyst', page=2
2026-08-02 01:25:47,176 - INFO - Querying Adzuna API for country='gb', page=1, keyword='Data Engineer'
2026-08-02 01:25:47,789 - INFO - Fetched and processed 20 records for country='gb', keyword='Data Engineer', page=1
2026-08-02 01:25:48,869 - INFO - Querying Adzuna API for country='gb', page=2, keyword='Data Engineer'
2026-08-02 01:25:49,613 - INFO - Fetched and processed 20 records for country='gb', keyword='Data Engineer', page=2
2026-08-02 01:25:50,936 - INFO - Pipeline executed successfully. Saved 400 JSON objects to data/raw/api_jobs_20260802_012550.json
2026-08-03 01:25:44,154 - INFO - Querying Adzuna API for country='in', page=1, keyword='Developer'
2026-08-03 01:25:44,583 - INFO - Fetched and processed 20 records for country='in', keyword='Developer', page=1
2026-08-03 01:25:45,627 - INFO - Querying Adzuna API for country='in', page=2, keyword='Developer'
2026-08-03 01:25:46,044 - INFO - Fetched and processed 20 records for country='in', keyword='Developer', page=2
2026-08-03 01:25:47,062 - INFO - Querying Adzuna API for country='in', page=1, keyword='Data Analyst'
2026-08-03 01:25:47,436 - INFO - Fetched and processed 20 records for country='in', keyword='Data Analyst', page=1
2026-08-03 01:25:48,584 - INFO - Querying Adzuna API for country='in', page=2, keyword='Data Analyst'
2026-08-03 01:25:48,922 - INFO - Fetched and processed 20 records for country='in', keyword='Data Analyst', page=2
2026-08-03 01:25:50,512 - INFO - Querying Adzuna API for country='in', page=1, keyword='Data Scientist'
2026-08-03 01:25:50,905 - INFO - Fetched and processed 20 records for country='in', keyword='Data Scientist', page=1
2026-08-03 01:25:52,482 - INFO - Querying Adzuna API for country='in', page=2, keyword='Data Scientist'
2026-08-03 01:25:52,807 - INFO - Fetched and processed 20 records for country='in', keyword='Data Scientist', page=2
2026-08-03 01:25:53,889 - INFO - Querying Adzuna API for country='in', page=1, keyword='Business Analyst'
2026-08-03 01:25:54,331 - INFO - Fetched and processed 20 records for country='in', keyword='Business Analyst', page=1
2026-08-03 01:25:55,811 - INFO - Querying Adzuna API for country='in', page=2, keyword='Business Analyst'
2026-08-03 01:25:56,406 - INFO - Fetched and processed 20 records for country='in', keyword='Business Analyst', page=2
2026-08-03 01:25:58,232 - INFO - Querying Adzuna API for country='in', page=1, keyword='Data Engineer'
2026-08-03 01:25:58,575 - INFO - Fetched and processed 20 records for country='in', keyword='Data Engineer', page=1
2026-08-03 01:26:00,102 - INFO - Querying Adzuna API for country='in', page=2, keyword='Data Engineer'
2026-08-03 01:26:00,524 - INFO - Fetched and processed 20 records for country='in', keyword='Data Engineer', page=2
2026-08-03 01:26:02,441 - INFO - Querying Adzuna API for country='gb', page=1, keyword='Developer'
2026-08-03 01:26:02,866 - INFO - Fetched and processed 20 records for country='gb', keyword='Developer', page=1
2026-08-03 01:26:04,573 - INFO - Querying Adzuna API for country='gb', page=2, keyword='Developer'
2026-08-03 01:26:05,054 - INFO - Fetched and processed 20 records for country='gb', keyword='Developer', page=2
2026-08-03 01:26:06,580 - INFO - Querying Adzuna API for country='gb', page=1, keyword='Data Analyst'
2026-08-03 01:26:07,008 - INFO - Fetched and processed 20 records for country='gb', keyword='Data Analyst', page=1
2026-08-03 01:26:08,154 - INFO - Querying Adzuna API for country='gb', page=2, keyword='Data Analyst'
2026-08-03 01:26:08,655 - INFO - Fetched and processed 20 records for country='gb', keyword='Data Analyst', page=2
2026-08-03 01:26:09,929 - INFO - Querying Adzuna API for country='gb', page=1, keyword='Data Scientist'
2026-08-03 01:26:10,313 - INFO - Fetched and processed 20 records for country='gb', keyword='Data Scientist', page=1
2026-08-03 01:26:11,394 - INFO - Querying Adzuna API for country='gb', page=2, keyword='Data Scientist'
2026-08-03 01:26:11,795 - INFO - Fetched and processed 20 records for country='gb', keyword='Data Scientist', page=2
2026-08-03 01:26:12,842 - INFO - Querying Adzuna API for country='gb', page=1, keyword='Business Analyst'
2026-08-03 01:26:13,269 - INFO - Fetched and processed 20 records for country='gb', keyword='Business Analyst', page=1
2026-08-03 01:26:14,613 - INFO - Querying Adzuna API for country='gb', page=2, keyword='Business Analyst'
2026-08-03 01:26:14,967 - INFO - Fetched and processed 20 records for country='gb', keyword='Business Analyst', page=2
2026-08-03 01:26:16,748 - INFO - Querying Adzuna API for country='gb', page=1, keyword='Data Engineer'
2026-08-03 01:26:18,289 - INFO - Fetched and processed 20 records for country='gb', keyword='Data Engineer', page=1
2026-08-03 01:26:19,760 - INFO - Querying Adzuna API for country='gb', page=2, keyword='Data Engineer'
2026-08-03 01:26:20,120 - INFO - Fetched and processed 20 records for country='gb', keyword='Data Engineer', page=2
2026-08-03 01:26:21,198 - INFO - Pipeline executed successfully. Saved 400 JSON objects to data/raw/api_jobs_20260803_012621.json
2026-08-04 01:16:04,325 - INFO - Querying Adzuna API for country='in', page=1, keyword='Developer'
2026-08-04 01:16:04,994 - INFO - Fetched and processed 20 records for country='in', keyword='Developer', page=1
2026-08-04 01:16:06,774 - INFO - Querying Adzuna API for country='in', page=2, keyword='Developer'
2026-08-04 01:16:07,294 - INFO - Fetched and processed 20 records for country='in', keyword='Developer', page=2
2026-08-04 01:16:09,113 - INFO - Querying Adzuna API for country='in', page=1, keyword='Data Analyst'
2026-08-04 01:16:09,487 - INFO - Fetched and processed 20 records for country='in', keyword='Data Analyst', page=1
2026-08-04 01:16:11,230 - INFO - Querying Adzuna API for country='in', page=2, keyword='Data Analyst'
2026-08-04 01:16:11,736 - INFO - Fetched and processed 20 records for country='in', keyword='Data Analyst', page=2
2026-08-04 01:16:13,141 - INFO - Querying Adzuna API for country='in', page=1, keyword='Data Scientist'
2026-08-04 01:16:13,646 - INFO - Fetched and processed 20 records for country='in', keyword='Data Scientist', page=1
2026-08-04 01:16:14,988 - INFO - Querying Adzuna API for country='in', page=2, keyword='Data Scientist'
2026-08-04 01:16:15,599 - INFO - Fetched and processed 20 records for country='in', keyword='Data Scientist', page=2
2026-08-04 01:16:16,754 - INFO - Querying Adzuna API for country='in', page=1, keyword='Business Analyst'
2026-08-04 01:16:17,225 - INFO - Fetched and processed 20 records for country='in', keyword='Business Analyst', page=1
2026-08-04 01:16:18,774 - INFO - Querying Adzuna API for country='in', page=2, keyword='Business Analyst'
2026-08-04 01:16:19,180 - INFO - Fetched and processed 20 records for country='in', keyword='Business Analyst', page=2
2026-08-04 01:16:21,027 - INFO - Querying Adzuna API for country='in', page=1, keyword='Data Engineer'
2026-08-04 01:16:21,589 - INFO - Fetched and processed 20 records for country='in', keyword='Data Engineer', page=1
2026-08-04 01:16:23,237 - INFO - Querying Adzuna API for country='in', page=2, keyword='Data Engineer'
2026-08-04 01:16:23,777 - INFO - Fetched and processed 20 records for country='in', keyword='Data Engineer', page=2
2026-08-04 01:16:25,598 - INFO - Querying Adzuna API for country='gb', page=1, keyword='Developer'
2026-08-04 01:16:26,239 - INFO - Fetched and processed 20 records for country='gb', keyword='Developer', page=1
2026-08-04 01:16:27,473 - INFO - Querying Adzuna API for country='gb', page=2, keyword='Developer'
2026-08-04 01:16:28,187 - INFO - Fetched and processed 20 records for country='gb', keyword='Developer', page=2
2026-08-04 01:16:30,059 - INFO - Querying Adzuna API for country='gb', page=1, keyword='Data Analyst'
2026-08-04 01:16:30,437 - INFO - Fetched and processed 20 records for country='gb', keyword='Data Analyst', page=1
2026-08-04 01:16:32,304 - INFO - Querying Adzuna API for country='gb', page=2, keyword='Data Analyst'
2026-08-04 01:16:32,704 - INFO - Fetched and processed 20 records for country='gb', keyword='Data Analyst', page=2
2026-08-04 01:16:34,576 - INFO - Querying Adzuna API for country='gb', page=1, keyword='Data Scientist'
2026-08-04 01:16:35,107 - INFO - Fetched and processed 20 records for country='gb', keyword='Data Scientist', page=1
2026-08-04 01:16:36,702 - INFO - Querying Adzuna API for country='gb', page=2, keyword='Data Scientist'
2026-08-04 01:16:37,297 - INFO - Fetched and processed 20 records for country='gb', keyword='Data Scientist', page=2
2026-08-04 01:16:38,473 - INFO - Querying Adzuna API for country='gb', page=1, keyword='Business Analyst'
2026-08-04 01:16:38,998 - INFO - Fetched and processed 20 records for country='gb', keyword='Business Analyst', page=1
2026-08-04 01:16:40,323 - INFO - Querying Adzuna API for country='gb', page=2, keyword='Business Analyst'
2026-08-04 01:16:40,851 - INFO - Fetched and processed 20 records for country='gb', keyword='Business Analyst', page=2
2026-08-04 01:16:42,142 - INFO - Querying Adzuna API for country='gb', page=1, keyword='Data Engineer'
2026-08-04 01:16:42,596 - INFO - Fetched and processed 20 records for country='gb', keyword='Data Engineer', page=1
2026-08-04 01:16:44,153 - INFO - Querying Adzuna API for country='gb', page=2, keyword='Data Engineer'
2026-08-04 01:16:44,699 - INFO - Fetched and processed 20 records for country='gb', keyword='Data Engineer', page=2
2026-08-04 01:16:46,180 - INFO - Pipeline executed successfully. Saved 400 JSON objects to data/raw/api_jobs_20260804_011646.json
2026-08-05 01:18:59,272 - INFO - Querying Adzuna API for country='in', page=1, keyword='Developer'
2026-08-05 01:19:00,060 - INFO - Fetched and processed 20 records for country='in', keyword='Developer', page=1
2026-08-05 01:19:02,011 - INFO - Querying Adzuna API for country='in', page=2, keyword='Developer'
2026-08-05 01:19:02,662 - INFO - Fetched and processed 20 records for country='in', keyword='Developer', page=2
2026-08-05 01:19:04,128 - INFO - Querying Adzuna API for country='in', page=1, keyword='Data Analyst'
2026-08-05 01:19:04,757 - INFO - Fetched and processed 20 records for country='in', keyword='Data Analyst', page=1
2026-08-05 01:19:05,938 - INFO - Querying Adzuna API for country='in', page=2, keyword='Data Analyst'
2026-08-05 01:19:06,586 - INFO - Fetched and processed 20 records for country='in', keyword='Data Analyst', page=2
2026-08-05 01:19:07,957 - INFO - Querying Adzuna API for country='in', page=1, keyword='Data Scientist'
2026-08-05 01:19:08,657 - INFO - Fetched and processed 20 records for country='in', keyword='Data Scientist', page=1
2026-08-05 01:19:10,078 - INFO - Querying Adzuna API for country='in', page=2, keyword='Data Scientist'
2026-08-05 01:19:10,800 - INFO - Fetched and processed 20 records for country='in', keyword='Data Scientist', page=2
2026-08-05 01:19:12,202 - INFO - Querying Adzuna API for country='in', page=1, keyword='Business Analyst'
2026-08-05 01:19:12,814 - INFO - Fetched and processed 20 records for country='in', keyword='Business Analyst', page=1
2026-08-05 01:19:14,132 - INFO - Querying Adzuna API for country='in', page=2, keyword='Business Analyst'
2026-08-05 01:19:14,948 - INFO - Fetched and processed 20 records for country='in', keyword='Business Analyst', page=2
2026-08-05 01:19:16,146 - INFO - Querying Adzuna API for country='in', page=1, keyword='Data Engineer'
2026-08-05 01:19:16,723 - INFO - Fetched and processed 20 records for country='in', keyword='Data Engineer', page=1
2026-08-05 01:19:17,860 - INFO - Querying Adzuna API for country='in', page=2, keyword='Data Engineer'
2026-08-05 01:19:18,540 - INFO - Fetched and processed 20 records for country='in', keyword='Data Engineer', page=2
2026-08-05 01:19:19,668 - INFO - Querying Adzuna API for country='gb', page=1, keyword='Developer'
2026-08-05 01:19:20,462 - INFO - Fetched and processed 20 records for country='gb', keyword='Developer', page=1
2026-08-05 01:19:22,273 - INFO - Querying Adzuna API for country='gb', page=2, keyword='Developer'
2026-08-05 01:19:23,188 - INFO - Fetched and processed 20 records for country='gb', keyword='Developer', page=2
2026-08-05 01:19:24,753 - INFO - Querying Adzuna API for country='gb', page=1, keyword='Data Analyst'
2026-08-05 01:19:25,497 - INFO - Fetched and processed 20 records for country='gb', keyword='Data Analyst', page=1
2026-08-05 01:19:26,591 - INFO - Querying Adzuna API for country='gb', page=2, keyword='Data Analyst'
2026-08-05 01:19:27,443 - INFO - Fetched and processed 20 records for country='gb', keyword='Data Analyst', page=2
2026-08-05 01:19:29,035 - INFO - Querying Adzuna API for country='gb', page=1, keyword='Data Scientist'
2026-08-05 01:19:29,715 - INFO - Fetched and processed 20 records for country='gb', keyword='Data Scientist', page=1
2026-08-05 01:19:30,787 - INFO - Querying Adzuna API for country='gb', page=2, keyword='Data Scientist'
2026-08-05 01:19:31,597 - INFO - Fetched and processed 20 records for country='gb', keyword='Data Scientist', page=2
2026-08-05 01:19:32,729 - INFO - Querying Adzuna API for country='gb', page=1, keyword='Business Analyst'
2026-08-05 01:19:33,552 - INFO - Fetched and processed 20 records for country='gb', keyword='Business Analyst', page=1
2026-08-05 01:19:35,176 - INFO - Querying Adzuna API for country='gb', page=2, keyword='Business Analyst'
2026-08-05 01:19:35,770 - INFO - Fetched and processed 20 records for country='gb', keyword='Business Analyst', page=2
2026-08-05 01:19:37,252 - INFO - Querying Adzuna API for country='gb', page=1, keyword='Data Engineer'
2026-08-05 01:19:37,945 - INFO - Fetched and processed 20 records for country='gb', keyword='Data Engineer', page=1
2026-08-05 01:19:39,119 - INFO - Querying Adzuna API for country='gb', page=2, keyword='Data Engineer'
2026-08-05 01:19:39,876 - INFO - Fetched and processed 20 records for country='gb', keyword='Data Engineer', page=2
2026-08-05 01:19:41,520 - INFO - Pipeline executed successfully. Saved 400 JSON objects to data/raw/api_jobs_20260805_011941.json
2026-08-06 01:16:35,699 - INFO - Querying Adzuna API for country='in', page=1, keyword='Developer'
2026-08-06 01:16:36,653 - INFO - Fetched and processed 20 records for country='in', keyword='Developer', page=1
2026-08-06 01:16:37,934 - INFO - Querying Adzuna API for country='in', page=2, keyword='Developer'
2026-08-06 01:16:38,461 - INFO - Fetched and processed 20 records for country='in', keyword='Developer', page=2
2026-08-06 01:16:39,636 - INFO - Querying Adzuna API for country='in', page=1, keyword='Data Analyst'
2026-08-06 01:16:40,202 - INFO - Fetched and processed 20 records for country='in', keyword='Data Analyst', page=1
2026-08-06 01:16:41,831 - INFO - Querying Adzuna API for country='in', page=2, keyword='Data Analyst'
2026-08-06 01:16:42,359 - INFO - Fetched and processed 20 records for country='in', keyword='Data Analyst', page=2
2026-08-06 01:16:43,656 - INFO - Querying Adzuna API for country='in', page=1, keyword='Data Scientist'
2026-08-06 01:16:44,175 - INFO - Fetched and processed 20 records for country='in', keyword='Data Scientist', page=1
2026-08-06 01:16:45,186 - INFO - Querying Adzuna API for country='in', page=2, keyword='Data Scientist'
2026-08-06 01:16:45,758 - INFO - Fetched and processed 20 records for country='in', keyword='Data Scientist', page=2
2026-08-06 01:16:47,355 - INFO - Querying Adzuna API for country='in', page=1, keyword='Business Analyst'
2026-08-06 01:16:47,925 - INFO - Fetched and processed 20 records for country='in', keyword='Business Analyst', page=1
2026-08-06 01:16:49,654 - INFO - Querying Adzuna API for country='in', page=2, keyword='Business Analyst'
2026-08-06 01:16:50,196 - INFO - Fetched and processed 20 records for country='in', keyword='Business Analyst', page=2
2026-08-06 01:16:52,058 - INFO - Querying Adzuna API for country='in', page=1, keyword='Data Engineer'
2026-08-06 01:16:52,647 - INFO - Fetched and processed 20 records for country='in', keyword='Data Engineer', page=1
2026-08-06 01:16:54,051 - INFO - Querying Adzuna API for country='in', page=2, keyword='Data Engineer'
2026-08-06 01:16:54,696 - INFO - Fetched and processed 20 records for country='in', keyword='Data Engineer', page=2
2026-08-06 01:16:56,513 - INFO - Querying Adzuna API for country='gb', page=1, keyword='Developer'
2026-08-06 01:16:57,350 - INFO - Fetched and processed 20 records for country='gb', keyword='Developer', page=1
2026-08-06 01:16:58,766 - INFO - Querying Adzuna API for country='gb', page=2, keyword='Developer'
2026-08-06 01:16:59,665 - INFO - Fetched and processed 20 records for country='gb', keyword='Developer', page=2
2026-08-06 01:17:00,690 - INFO - Querying Adzuna API for country='gb', page=1, keyword='Data Analyst'
2026-08-06 01:17:01,229 - INFO - Fetched and processed 20 records for country='gb', keyword='Data Analyst', page=1
2026-08-06 01:17:02,721 - INFO - Querying Adzuna API for country='gb', page=2, keyword='Data Analyst'
2026-08-06 01:17:03,556 - INFO - Fetched and processed 20 records for country='gb', keyword='Data Analyst', page=2
2026-08-06 01:17:04,559 - INFO - Querying Adzuna API for country='gb', page=1, keyword='Data Scientist'
2026-08-06 01:17:05,184 - INFO - Fetched and processed 20 records for country='gb', keyword='Data Scientist', page=1
2026-08-06 01:17:06,308 - INFO - Querying Adzuna API for country='gb', page=2, keyword='Data Scientist'
2026-08-06 01:17:07,060 - INFO - Fetched and processed 20 records for country='gb', keyword='Data Scientist', page=2
2026-08-06 01:17:09,052 - INFO - Querying Adzuna API for country='gb', page=1, keyword='Business Analyst'
2026-08-06 01:17:09,813 - INFO - Fetched and processed 20 records for country='gb', keyword='Business Analyst', page=1
2026-08-06 01:17:11,123 - INFO - Querying Adzuna API for country='gb', page=2, keyword='Business Analyst'
2026-08-06 01:17:11,953 - INFO - Fetched and processed 20 records for country='gb', keyword='Business Analyst', page=2
2026-08-06 01:17:13,367 - INFO - Querying Adzuna API for country='gb', page=1, keyword='Data Engineer'
2026-08-06 01:17:14,005 - INFO - Fetched and processed 20 records for country='gb', keyword='Data Engineer', page=1
2026-08-06 01:17:15,782 - INFO - Querying Adzuna API for country='gb', page=2, keyword='Data Engineer'
2026-08-06 01:17:16,411 - INFO - Fetched and processed 20 records for country='gb', keyword='Data Engineer', page=2
2026-08-06 01:17:17,496 - INFO - Pipeline executed successfully. Saved 400 JSON objects to data/raw/api_jobs_20260806_011717.json
2026-08-07 01:58:22,073 - INFO - Querying Adzuna API for country='in', page=1, keyword='Developer'
2026-08-07 01:58:22,501 - INFO - Fetched and processed 20 records for country='in', keyword='Developer', page=1
2026-08-07 01:58:24,414 - INFO - Querying Adzuna API for country='in', page=2, keyword='Developer'
2026-08-07 01:58:24,726 - INFO - Fetched and processed 20 records for country='in', keyword='Developer', page=2
2026-08-07 01:58:26,513 - INFO - Querying Adzuna API for country='in', page=1, keyword='Data Analyst'
2026-08-07 01:58:26,904 - INFO - Fetched and processed 20 records for country='in', keyword='Data Analyst', page=1
2026-08-07 01:58:28,106 - INFO - Querying Adzuna API for country='in', page=2, keyword='Data Analyst'
2026-08-07 01:58:28,398 - INFO - Fetched and processed 20 records for country='in', keyword='Data Analyst', page=2
2026-08-07 01:58:29,842 - INFO - Querying Adzuna API for country='in', page=1, keyword='Data Scientist'
2026-08-07 01:58:30,227 - INFO - Fetched and processed 20 records for country='in', keyword='Data Scientist', page=1
2026-08-07 01:58:31,308 - INFO - Querying Adzuna API for country='in', page=2, keyword='Data Scientist'
2026-08-07 01:58:31,653 - INFO - Fetched and processed 20 records for country='in', keyword='Data Scientist', page=2
2026-08-07 01:58:33,448 - INFO - Querying Adzuna API for country='in', page=1, keyword='Business Analyst'
2026-08-07 01:58:33,960 - INFO - Fetched and processed 20 records for country='in', keyword='Business Analyst', page=1
2026-08-07 01:58:35,816 - INFO - Querying Adzuna API for country='in', page=2, keyword='Business Analyst'
2026-08-07 01:58:36,218 - INFO - Fetched and processed 20 records for country='in', keyword='Business Analyst', page=2
2026-08-07 01:58:37,498 - INFO - Querying Adzuna API for country='in', page=1, keyword='Data Engineer'
2026-08-07 01:58:37,888 - INFO - Fetched and processed 20 records for country='in', keyword='Data Engineer', page=1
2026-08-07 01:58:39,313 - INFO - Querying Adzuna API for country='in', page=2, keyword='Data Engineer'
2026-08-07 01:58:39,597 - INFO - Fetched and processed 20 records for country='in', keyword='Data Engineer', page=2
2026-08-07 01:58:40,943 - INFO - Querying Adzuna API for country='gb', page=1, keyword='Developer'
2026-08-07 01:58:41,400 - INFO - Fetched and processed 20 records for country='gb', keyword='Developer', page=1
2026-08-07 01:58:43,206 - INFO - Querying Adzuna API for country='gb', page=2, keyword='Developer'
2026-08-07 01:58:43,744 - INFO - Fetched and processed 20 records for country='gb', keyword='Developer', page=2
2026-08-07 01:58:45,400 - INFO - Querying Adzuna API for country='gb', page=1, keyword='Data Analyst'
2026-08-07 01:58:45,895 - INFO - Fetched and processed 20 records for country='gb', keyword='Data Analyst', page=1
2026-08-07 01:58:47,823 - INFO - Querying Adzuna API for country='gb', page=2, keyword='Data Analyst'
2026-08-07 01:58:48,154 - INFO - Fetched and processed 20 records for country='gb', keyword='Data Analyst', page=2
2026-08-07 01:58:50,138 - INFO - Querying Adzuna API for country='gb', page=1, keyword='Data Scientist'
2026-08-07 01:58:50,694 - INFO - Fetched and processed 20 records for country='gb', keyword='Data Scientist', page=1
2026-08-07 01:58:52,103 - INFO - Querying Adzuna API for country='gb', page=2, keyword='Data Scientist'
2026-08-07 01:58:52,494 - INFO - Fetched and processed 20 records for country='gb', keyword='Data Scientist', page=2
2026-08-07 01:58:54,479 - INFO - Querying Adzuna API for country='gb', page=1, keyword='Business Analyst'
2026-08-07 01:58:55,223 - INFO - Fetched and processed 20 records for country='gb', keyword='Business Analyst', page=1
2026-08-07 01:58:57,117 - INFO - Querying Adzuna API for country='gb', page=2, keyword='Business Analyst'
2026-08-07 01:58:57,502 - INFO - Fetched and processed 20 records for country='gb', keyword='Business Analyst', page=2
2026-08-07 01:58:58,705 - INFO - Querying Adzuna API for country='gb', page=1, keyword='Data Engineer'
2026-08-07 01:58:59,022 - INFO - Fetched and processed 20 records for country='gb', keyword='Data Engineer', page=1
2026-08-07 01:59:00,163 - INFO - Querying Adzuna API for country='gb', page=2, keyword='Data Engineer'
2026-08-07 01:59:00,557 - INFO - Fetched and processed 20 records for country='gb', keyword='Data Engineer', page=2
2026-08-07 01:59:01,619 - INFO - Pipeline executed successfully. Saved 400 JSON objects to data/raw/api_jobs_20260807_015901.json
2026-08-08 00:41:07,984 - INFO - Querying Adzuna API for country='in', page=1, keyword='Developer'
2026-08-08 00:41:08,536 - INFO - Fetched and processed 20 records for country='in', keyword='Developer', page=1
2026-08-08 00:41:10,430 - INFO - Querying Adzuna API for country='in', page=2, keyword='Developer'
2026-08-08 00:41:10,974 - INFO - Fetched and processed 20 records for country='in', keyword='Developer', page=2
2026-08-08 00:41:12,310 - INFO - Querying Adzuna API for country='in', page=1, keyword='Data Analyst'
2026-08-08 00:41:12,718 - INFO - Fetched and processed 20 records for country='in', keyword='Data Analyst', page=1
2026-08-08 00:41:13,793 - INFO - Querying Adzuna API for country='in', page=2, keyword='Data Analyst'
2026-08-08 00:41:14,255 - INFO - Fetched and processed 20 records for country='in', keyword='Data Analyst', page=2
2026-08-08 00:41:16,062 - INFO - Querying Adzuna API for country='in', page=1, keyword='Data Scientist'
2026-08-08 00:41:17,314 - INFO - Fetched and processed 20 records for country='in', keyword='Data Scientist', page=1
2026-08-08 00:41:18,523 - INFO - Querying Adzuna API for country='in', page=2, keyword='Data Scientist'
2026-08-08 00:41:18,977 - INFO - Fetched and processed 20 records for country='in', keyword='Data Scientist', page=2
2026-08-08 00:41:20,701 - INFO - Querying Adzuna API for country='in', page=1, keyword='Business Analyst'
2026-08-08 00:41:21,068 - INFO - Fetched and processed 20 records for country='in', keyword='Business Analyst', page=1
2026-08-08 00:41:22,207 - INFO - Querying Adzuna API for country='in', page=2, keyword='Business Analyst'
2026-08-08 00:41:22,756 - INFO - Fetched and processed 20 records for country='in', keyword='Business Analyst', page=2
2026-08-08 00:41:24,385 - INFO - Querying Adzuna API for country='in', page=1, keyword='Data Engineer'
2026-08-08 00:41:25,166 - INFO - Fetched and processed 20 records for country='in', keyword='Data Engineer', page=1
2026-08-08 00:41:27,141 - INFO - Querying Adzuna API for country='in', page=2, keyword='Data Engineer'
2026-08-08 00:41:28,062 - INFO - Fetched and processed 20 records for country='in', keyword='Data Engineer', page=2
2026-08-08 00:41:29,749 - INFO - Querying Adzuna API for country='gb', page=1, keyword='Developer'
2026-08-08 00:41:30,725 - INFO - Fetched and processed 20 records for country='gb', keyword='Developer', page=1
2026-08-08 00:41:31,904 - INFO - Querying Adzuna API for country='gb', page=2, keyword='Developer'
2026-08-08 00:41:32,528 - INFO - Fetched and processed 20 records for country='gb', keyword='Developer', page=2
2026-08-08 00:41:33,597 - INFO - Querying Adzuna API for country='gb', page=1, keyword='Data Analyst'
2026-08-08 00:41:34,060 - INFO - Fetched and processed 20 records for country='gb', keyword='Data Analyst', page=1
2026-08-08 00:41:35,110 - INFO - Querying Adzuna API for country='gb', page=2, keyword='Data Analyst'
2026-08-08 00:41:35,453 - INFO - Fetched and processed 20 records for country='gb', keyword='Data Analyst', page=2
2026-08-08 00:41:36,824 - INFO - Querying Adzuna API for country='gb', page=1, keyword='Data Scientist'
2026-08-08 00:41:37,352 - INFO - Fetched and processed 20 records for country='gb', keyword='Data Scientist', page=1
2026-08-08 00:41:38,476 - INFO - Querying Adzuna API for country='gb', page=2, keyword='Data Scientist'
2026-08-08 00:41:38,947 - INFO - Fetched and processed 20 records for country='gb', keyword='Data Scientist', page=2
2026-08-08 00:41:40,384 - INFO - Querying Adzuna API for country='gb', page=1, keyword='Business Analyst'
2026-08-08 00:41:40,882 - INFO - Fetched and processed 20 records for country='gb', keyword='Business Analyst', page=1
2026-08-08 00:41:42,606 - INFO - Querying Adzuna API for country='gb', page=2, keyword='Business Analyst'
2026-08-08 00:41:43,062 - INFO - Fetched and processed 20 records for country='gb', keyword='Business Analyst', page=2
2026-08-08 00:41:45,009 - INFO - Querying Adzuna API for country='gb', page=1, keyword='Data Engineer'
2026-08-08 00:41:45,481 - INFO - Fetched and processed 20 records for country='gb', keyword='Data Engineer', page=1
2026-08-08 00:41:46,693 - INFO - Querying Adzuna API for country='gb', page=2, keyword='Data Engineer'
2026-08-08 00:41:47,117 - INFO - Fetched and processed 20 records for country='gb', keyword='Data Engineer', page=2
2026-08-08 00:41:48,672 - INFO - Pipeline executed successfully. Saved 400 JSON objects to data/raw/api_jobs_20260808_004148.json
2026-08-09 00:43:41,550 - INFO - Querying Adzuna API for country='in', page=1, keyword='Developer'
2026-08-09 00:43:42,091 - INFO - Fetched and processed 20 records for country='in', keyword='Developer', page=1
2026-08-09 00:43:44,023 - INFO - Querying Adzuna API for country='in', page=2, keyword='Developer'
2026-08-09 00:43:44,444 - INFO - Fetched and processed 20 records for country='in', keyword='Developer', page=2
2026-08-09 00:43:45,615 - INFO - Querying Adzuna API for country='in', page=1, keyword='Data Analyst'
2026-08-09 00:43:46,000 - INFO - Fetched and processed 20 records for country='in', keyword='Data Analyst', page=1
2026-08-09 00:43:47,632 - INFO - Querying Adzuna API for country='in', page=2, keyword='Data Analyst'
2026-08-09 00:43:48,125 - INFO - Fetched and processed 20 records for country='in', keyword='Data Analyst', page=2
2026-08-09 00:43:49,195 - INFO - Querying Adzuna API for country='in', page=1, keyword='Data Scientist'
2026-08-09 00:43:49,669 - INFO - Fetched and processed 20 records for country='in', keyword='Data Scientist', page=1
2026-08-09 00:43:51,602 - INFO - Querying Adzuna API for country='in', page=2, keyword='Data Scientist'
2026-08-09 00:43:52,171 - INFO - Fetched and processed 20 records for country='in', keyword='Data Scientist', page=2
2026-08-09 00:43:53,824 - INFO - Querying Adzuna API for country='in', page=1, keyword='Business Analyst'
2026-08-09 00:43:54,309 - INFO - Fetched and processed 20 records for country='in', keyword='Business Analyst', page=1
2026-08-09 00:43:55,408 - INFO - Querying Adzuna API for country='in', page=2, keyword='Business Analyst'
2026-08-09 00:43:55,850 - INFO - Fetched and processed 20 records for country='in', keyword='Business Analyst', page=2
2026-08-09 00:43:57,421 - INFO - Querying Adzuna API for country='in', page=1, keyword='Data Engineer'
2026-08-09 00:43:57,833 - INFO - Fetched and processed 20 records for country='in', keyword='Data Engineer', page=1
2026-08-09 00:43:59,121 - INFO - Querying Adzuna API for country='in', page=2, keyword='Data Engineer'
2026-08-09 00:43:59,565 - INFO - Fetched and processed 20 records for country='in', keyword='Data Engineer', page=2
2026-08-09 00:44:00,797 - INFO - Querying Adzuna API for country='gb', page=1, keyword='Developer'
2026-08-09 00:44:01,300 - INFO - Fetched and processed 20 records for country='gb', keyword='Developer', page=1
2026-08-09 00:44:02,727 - INFO - Querying Adzuna API for country='gb', page=2, keyword='Developer'
2026-08-09 00:44:03,797 - INFO - Fetched and processed 20 records for country='gb', keyword='Developer', page=2
2026-08-09 00:44:05,313 - INFO - Querying Adzuna API for country='gb', page=1, keyword='Data Analyst'
2026-08-09 00:44:05,739 - INFO - Fetched and processed 20 records for country='gb', keyword='Data Analyst', page=1
2026-08-09 00:44:07,145 - INFO - Querying Adzuna API for country='gb', page=2, keyword='Data Analyst'
2026-08-09 00:44:07,493 - INFO - Fetched and processed 20 records for country='gb', keyword='Data Analyst', page=2
2026-08-09 00:44:09,132 - INFO - Querying Adzuna API for country='gb', page=1, keyword='Data Scientist'
2026-08-09 00:44:09,524 - INFO - Fetched and processed 20 records for country='gb', keyword='Data Scientist', page=1
2026-08-09 00:44:11,288 - INFO - Querying Adzuna API for country='gb', page=2, keyword='Data Scientist'
2026-08-09 00:44:11,787 - INFO - Fetched and processed 20 records for country='gb', keyword='Data Scientist', page=2
2026-08-09 00:44:13,324 - INFO - Querying Adzuna API for country='gb', page=1, keyword='Business Analyst'
2026-08-09 00:44:13,851 - INFO - Fetched and processed 20 records for country='gb', keyword='Business Analyst', page=1
2026-08-09 00:44:15,529 - INFO - Querying Adzuna API for country='gb', page=2, keyword='Business Analyst'
2026-08-09 00:44:15,928 - INFO - Fetched and processed 20 records for country='gb', keyword='Business Analyst', page=2
2026-08-09 00:44:17,174 - INFO - Querying Adzuna API for country='gb', page=1, keyword='Data Engineer'
2026-08-09 00:44:17,602 - INFO - Fetched and processed 20 records for country='gb', keyword='Data Engineer', page=1
2026-08-09 00:44:19,204 - INFO - Querying Adzuna API for country='gb', page=2, keyword='Data Engineer'
2026-08-09 00:44:19,663 - INFO - Fetched and processed 20 records for country='gb', keyword='Data Engineer', page=2
2026-08-09 00:44:21,386 - INFO - Pipeline executed successfully. Saved 400 JSON objects to data/raw/api_jobs_20260809_004421.json
2026-08-10 00:45:32,550 - INFO - Querying Adzuna API for country='in', page=1, keyword='Developer'
2026-08-10 00:45:33,150 - INFO - Fetched and processed 20 records for country='in', keyword='Developer', page=1
2026-08-10 00:45:34,836 - INFO - Querying Adzuna API for country='in', page=2, keyword='Developer'
2026-08-10 00:45:35,320 - INFO - Fetched and processed 20 records for country='in', keyword='Developer', page=2
2026-08-10 00:45:36,399 - INFO - Querying Adzuna API for country='in', page=1, keyword='Data Analyst'
2026-08-10 00:45:36,922 - INFO - Fetched and processed 20 records for country='in', keyword='Data Analyst', page=1
2026-08-10 00:45:38,847 - INFO - Querying Adzuna API for country='in', page=2, keyword='Data Analyst'
2026-08-10 00:45:39,473 - INFO - Fetched and processed 20 records for country='in', keyword='Data Analyst', page=2
2026-08-10 00:45:40,547 - INFO - Querying Adzuna API for country='in', page=1, keyword='Data Scientist'
2026-08-10 00:45:41,077 - INFO - Fetched and processed 20 records for country='in', keyword='Data Scientist', page=1
2026-08-10 00:45:42,647 - INFO - Querying Adzuna API for country='in', page=2, keyword='Data Scientist'
2026-08-10 00:45:43,191 - INFO - Fetched and processed 20 records for country='in', keyword='Data Scientist', page=2
2026-08-10 00:45:44,235 - INFO - Querying Adzuna API for country='in', page=1, keyword='Business Analyst'
2026-08-10 00:45:44,643 - INFO - Fetched and processed 20 records for country='in', keyword='Business Analyst', page=1
2026-08-10 00:45:46,142 - INFO - Querying Adzuna API for country='in', page=2, keyword='Business Analyst'
2026-08-10 00:45:46,639 - INFO - Fetched and processed 20 records for country='in', keyword='Business Analyst', page=2
2026-08-10 00:45:48,076 - INFO - Querying Adzuna API for country='in', page=1, keyword='Data Engineer'
2026-08-10 00:45:48,646 - INFO - Fetched and processed 20 records for country='in', keyword='Data Engineer', page=1
2026-08-10 00:45:50,609 - INFO - Querying Adzuna API for country='in', page=2, keyword='Data Engineer'
2026-08-10 00:45:51,081 - INFO - Fetched and processed 20 records for country='in', keyword='Data Engineer', page=2
2026-08-10 00:45:52,495 - INFO - Querying Adzuna API for country='gb', page=1, keyword='Developer'
2026-08-10 00:45:53,189 - INFO - Fetched and processed 20 records for country='gb', keyword='Developer', page=1
2026-08-10 00:45:54,672 - INFO - Querying Adzuna API for country='gb', page=2, keyword='Developer'
2026-08-10 00:45:55,357 - INFO - Fetched and processed 20 records for country='gb', keyword='Developer', page=2
2026-08-10 00:45:56,384 - INFO - Querying Adzuna API for country='gb', page=1, keyword='Data Analyst'
2026-08-10 00:45:56,942 - INFO - Fetched and processed 20 records for country='gb', keyword='Data Analyst', page=1
2026-08-10 00:45:57,996 - INFO - Querying Adzuna API for country='gb', page=2, keyword='Data Analyst'
2026-08-10 00:45:58,557 - INFO - Fetched and processed 20 records for country='gb', keyword='Data Analyst', page=2
2026-08-10 00:45:59,644 - INFO - Querying Adzuna API for country='gb', page=1, keyword='Data Scientist'
2026-08-10 00:46:00,098 - INFO - Fetched and processed 20 records for country='gb', keyword='Data Scientist', page=1
2026-08-10 00:46:01,648 - INFO - Querying Adzuna API for country='gb', page=2, keyword='Data Scientist'
2026-08-10 00:46:02,213 - INFO - Fetched and processed 20 records for country='gb', keyword='Data Scientist', page=2
2026-08-10 00:46:03,555 - INFO - Querying Adzuna API for country='gb', page=1, keyword='Business Analyst'
2026-08-10 00:46:04,111 - INFO - Fetched and processed 20 records for country='gb', keyword='Business Analyst', page=1
2026-08-10 00:46:05,434 - INFO - Querying Adzuna API for country='gb', page=2, keyword='Business Analyst'
2026-08-10 00:46:06,070 - INFO - Fetched and processed 20 records for country='gb', keyword='Business Analyst', page=2
2026-08-10 00:46:07,537 - INFO - Querying Adzuna API for country='gb', page=1, keyword='Data Engineer'
2026-08-10 00:46:08,005 - INFO - Fetched and processed 20 records for country='gb', keyword='Data Engineer', page=1
2026-08-10 00:46:09,485 - INFO - Querying Adzuna API for country='gb', page=2, keyword='Data Engineer'
2026-08-10 00:46:09,873 - INFO - Fetched and processed 20 records for country='gb', keyword='Data Engineer', page=2
2026-08-10 00:46:11,543 - INFO - Pipeline executed successfully. Saved 400 JSON objects to data/raw/api_jobs_20260810_004611.json
2026-08-11 00:45:11,554 - INFO - Querying Adzuna API for country='in', page=1, keyword='Developer'
2026-08-11 00:45:11,664 - ERROR - HTTP Connection Blocked: 503 Server Error: Service Temporarily Unavailable for url: https://api.adzuna.com/v1/api/jobs/in/search/1?app_id=91538a0c&app_key=48ef784ab8511ecfc1ad8b771e41346b&results_per_page=20&what=Developer&content-type=application%2Fjson
2026-08-11 00:45:12,689 - INFO - Querying Adzuna API for country='in', page=2, keyword='Developer'
2026-08-11 00:45:12,772 - ERROR - HTTP Connection Blocked: 503 Server Error: Service Temporarily Unavailable for url: https://api.adzuna.com/v1/api/jobs/in/search/2?app_id=91538a0c&app_key=48ef784ab8511ecfc1ad8b771e41346b&results_per_page=20&what=Developer&content-type=application%2Fjson
2026-08-11 00:45:13,942 - INFO - Querying Adzuna API for country='in', page=1, keyword='Data Analyst'
2026-08-11 00:45:18,203 - INFO - Fetched and processed 20 records for country='in', keyword='Data Analyst', page=1
2026-08-11 00:45:19,577 - INFO - Querying Adzuna API for country='in', page=2, keyword='Data Analyst'
2026-08-11 00:45:21,983 - INFO - Fetched and processed 20 records for country='in', keyword='Data Analyst', page=2
2026-08-11 00:45:23,358 - INFO - Querying Adzuna API for country='in', page=1, keyword='Data Scientist'
2026-08-11 00:45:25,219 - INFO - Fetched and processed 20 records for country='in', keyword='Data Scientist', page=1
2026-08-11 00:45:26,805 - INFO - Querying Adzuna API for country='in', page=2, keyword='Data Scientist'
2026-08-11 00:45:28,871 - INFO - Fetched and processed 20 records for country='in', keyword='Data Scientist', page=2
2026-08-11 00:45:30,844 - INFO - Querying Adzuna API for country='in', page=1, keyword='Business Analyst'
2026-08-11 00:45:32,628 - INFO - Fetched and processed 20 records for country='in', keyword='Business Analyst', page=1
2026-08-11 00:45:34,494 - INFO - Querying Adzuna API for country='in', page=2, keyword='Business Analyst'
2026-08-11 00:45:36,962 - INFO - Fetched and processed 20 records for country='in', keyword='Business Analyst', page=2
2026-08-11 00:45:38,096 - INFO - Querying Adzuna API for country='in', page=1, keyword='Data Engineer'
2026-08-11 00:45:40,086 - INFO - Fetched and processed 20 records for country='in', keyword='Data Engineer', page=1
2026-08-11 00:45:41,976 - INFO - Querying Adzuna API for country='in', page=2, keyword='Data Engineer'
2026-08-11 00:45:44,345 - INFO - Fetched and processed 20 records for country='in', keyword='Data Engineer', page=2
2026-08-11 00:45:45,689 - INFO - Querying Adzuna API for country='gb', page=1, keyword='Developer'
2026-08-11 00:45:45,772 - ERROR - HTTP Connection Blocked: 503 Server Error: Service Temporarily Unavailable for url: https://api.adzuna.com/v1/api/jobs/gb/search/1?app_id=91538a0c&app_key=48ef784ab8511ecfc1ad8b771e41346b&results_per_page=20&what=Developer&content-type=application%2Fjson
2026-08-11 00:45:47,086 - INFO - Querying Adzuna API for country='gb', page=2, keyword='Developer'
2026-08-11 00:45:49,514 - INFO - Fetched and processed 20 records for country='gb', keyword='Developer', page=2
2026-08-11 00:45:51,124 - INFO - Querying Adzuna API for country='gb', page=1, keyword='Data Analyst'
2026-08-11 00:45:53,668 - INFO - Fetched and processed 20 records for country='gb', keyword='Data Analyst', page=1
2026-08-11 00:45:55,467 - INFO - Querying Adzuna API for country='gb', page=2, keyword='Data Analyst'
2026-08-11 00:45:57,013 - INFO - Fetched and processed 20 records for country='gb', keyword='Data Analyst', page=2
2026-08-11 00:45:58,666 - INFO - Querying Adzuna API for country='gb', page=1, keyword='Data Scientist'
2026-08-11 00:46:00,504 - INFO - Fetched and processed 20 records for country='gb', keyword='Data Scientist', page=1
2026-08-11 00:46:01,557 - INFO - Querying Adzuna API for country='gb', page=2, keyword='Data Scientist'
2026-08-11 00:46:04,864 - INFO - Fetched and processed 20 records for country='gb', keyword='Data Scientist', page=2
2026-08-11 00:46:06,376 - INFO - Querying Adzuna API for country='gb', page=1, keyword='Business Analyst'
2026-08-11 00:46:08,743 - INFO - Fetched and processed 20 records for country='gb', keyword='Business Analyst', page=1
2026-08-11 00:46:10,210 - INFO - Querying Adzuna API for country='gb', page=2, keyword='Business Analyst'
2026-08-11 00:46:12,188 - INFO - Fetched and processed 20 records for country='gb', keyword='Business Analyst', page=2
2026-08-11 00:46:13,828 - INFO - Querying Adzuna API for country='gb', page=1, keyword='Data Engineer'
2026-08-11 00:46:15,331 - INFO - Fetched and processed 20 records for country='gb', keyword='Data Engineer', page=1
2026-08-11 00:46:16,670 - INFO - Querying Adzuna API for country='gb', page=2, keyword='Data Engineer'
2026-08-11 00:46:18,773 - INFO - Fetched and processed 20 records for country='gb', keyword='Data Engineer', page=2
2026-08-11 00:46:20,650 - INFO - Pipeline executed successfully. Saved 340 JSON objects to data/raw/api_jobs_20260811_004620.json
2026-08-12 00:52:48,303 - INFO - Querying Adzuna API for country='in', page=1, keyword='Developer'
2026-08-12 00:52:48,843 - INFO - Fetched and processed 20 records for country='in', keyword='Developer', page=1
2026-08-12 00:52:50,137 - INFO - Querying Adzuna API for country='in', page=2, keyword='Developer'
2026-08-12 00:52:50,600 - INFO - Fetched and processed 20 records for country='in', keyword='Developer', page=2
2026-08-12 00:52:51,799 - INFO - Querying Adzuna API for country='in', page=1, keyword='Data Analyst'
2026-08-12 00:52:52,306 - INFO - Fetched and processed 20 records for country='in', keyword='Data Analyst', page=1
2026-08-12 00:52:53,899 - INFO - Querying Adzuna API for country='in', page=2, keyword='Data Analyst'
2026-08-12 00:52:54,389 - INFO - Fetched and processed 20 records for country='in', keyword='Data Analyst', page=2
2026-08-12 00:52:55,795 - INFO - Querying Adzuna API for country='in', page=1, keyword='Data Scientist'
2026-08-12 00:52:56,306 - INFO - Fetched and processed 20 records for country='in', keyword='Data Scientist', page=1
2026-08-12 00:52:57,373 - INFO - Querying Adzuna API for country='in', page=2, keyword='Data Scientist'
2026-08-12 00:52:57,861 - INFO - Fetched and processed 20 records for country='in', keyword='Data Scientist', page=2
2026-08-12 00:52:59,742 - INFO - Querying Adzuna API for country='in', page=1, keyword='Business Analyst'
2026-08-12 00:53:00,280 - INFO - Fetched and processed 20 records for country='in', keyword='Business Analyst', page=1
2026-08-12 00:53:01,343 - INFO - Querying Adzuna API for country='in', page=2, keyword='Business Analyst'
2026-08-12 00:53:02,175 - INFO - Fetched and processed 20 records for country='in', keyword='Business Analyst', page=2
2026-08-12 00:53:03,837 - INFO - Querying Adzuna API for country='in', page=1, keyword='Data Engineer'
2026-08-12 00:53:04,423 - INFO - Fetched and processed 20 records for country='in', keyword='Data Engineer', page=1
2026-08-12 00:53:06,065 - INFO - Querying Adzuna API for country='in', page=2, keyword='Data Engineer'
2026-08-12 00:53:06,889 - INFO - Fetched and processed 20 records for country='in', keyword='Data Engineer', page=2
2026-08-12 00:53:08,597 - INFO - Querying Adzuna API for country='gb', page=1, keyword='Developer'
2026-08-12 00:53:09,255 - INFO - Fetched and processed 20 records for country='gb', keyword='Developer', page=1
2026-08-12 00:53:10,451 - INFO - Querying Adzuna API for country='gb', page=2, keyword='Developer'
2026-08-12 00:53:11,166 - INFO - Fetched and processed 20 records for country='gb', keyword='Developer', page=2
2026-08-12 00:53:12,339 - INFO - Querying Adzuna API for country='gb', page=1, keyword='Data Analyst'
2026-08-12 00:53:12,765 - INFO - Fetched and processed 20 records for country='gb', keyword='Data Analyst', page=1
2026-08-12 00:53:14,313 - INFO - Querying Adzuna API for country='gb', page=2, keyword='Data Analyst'
2026-08-12 00:53:14,768 - INFO - Fetched and processed 20 records for country='gb', keyword='Data Analyst', page=2
2026-08-12 00:53:16,241 - INFO - Querying Adzuna API for country='gb', page=1, keyword='Data Scientist'
2026-08-12 00:53:16,757 - INFO - Fetched and processed 20 records for country='gb', keyword='Data Scientist', page=1
2026-08-12 00:53:18,362 - INFO - Querying Adzuna API for country='gb', page=2, keyword='Data Scientist'
2026-08-12 00:53:18,939 - INFO - Fetched and processed 20 records for country='gb', keyword='Data Scientist', page=2
2026-08-12 00:53:20,357 - INFO - Querying Adzuna API for country='gb', page=1, keyword='Business Analyst'
2026-08-12 00:53:20,987 - INFO - Fetched and processed 20 records for country='gb', keyword='Business Analyst', page=1
2026-08-12 00:53:22,414 - INFO - Querying Adzuna API for country='gb', page=2, keyword='Business Analyst'
2026-08-12 00:53:22,883 - INFO - Fetched and processed 20 records for country='gb', keyword='Business Analyst', page=2
2026-08-12 00:53:24,224 - INFO - Querying Adzuna API for country='gb', page=1, keyword='Data Engineer'
2026-08-12 00:53:24,713 - INFO - Fetched and processed 20 records for country='gb', keyword='Data Engineer', page=1
2026-08-12 00:53:26,538 - INFO - Querying Adzuna API for country='gb', page=2, keyword='Data Engineer'
2026-08-12 00:53:27,093 - INFO - Fetched and processed 20 records for country='gb', keyword='Data Engineer', page=2
2026-08-12 00:53:28,822 - INFO - Pipeline executed successfully. Saved 400 JSON objects to data/raw/api_jobs_20260812_005328.json
2026-08-13 00:54:12,424 - INFO - Querying Adzuna API for country='in', page=1, keyword='Developer'
2026-08-13 00:54:12,973 - INFO - Fetched and processed 20 records for country='in', keyword='Developer', page=1
2026-08-13 00:54:14,276 - INFO - Querying Adzuna API for country='in', page=2, keyword='Developer'
2026-08-13 00:54:14,631 - INFO - Fetched and processed 20 records for country='in', keyword='Developer', page=2
2026-08-13 00:54:15,805 - INFO - Querying Adzuna API for country='in', page=1, keyword='Data Analyst'
2026-08-13 00:54:16,136 - INFO - Fetched and processed 20 records for country='in', keyword='Data Analyst', page=1
2026-08-13 00:54:17,949 - INFO - Querying Adzuna API for country='in', page=2, keyword='Data Analyst'
2026-08-13 00:54:18,459 - INFO - Fetched and processed 20 records for country='in', keyword='Data Analyst', page=2
2026-08-13 00:54:20,420 - INFO - Querying Adzuna API for country='in', page=1, keyword='Data Scientist'
2026-08-13 00:54:20,732 - INFO - Fetched and processed 20 records for country='in', keyword='Data Scientist', page=1
2026-08-13 00:54:22,110 - INFO - Querying Adzuna API for country='in', page=2, keyword='Data Scientist'
2026-08-13 00:54:22,458 - INFO - Fetched and processed 20 records for country='in', keyword='Data Scientist', page=2
2026-08-13 00:54:24,147 - INFO - Querying Adzuna API for country='in', page=1, keyword='Business Analyst'
2026-08-13 00:54:24,701 - INFO - Fetched and processed 20 records for country='in', keyword='Business Analyst', page=1
2026-08-13 00:54:26,157 - INFO - Querying Adzuna API for country='in', page=2, keyword='Business Analyst'
2026-08-13 00:54:26,521 - INFO - Fetched and processed 20 records for country='in', keyword='Business Analyst', page=2
2026-08-13 00:54:28,015 - INFO - Querying Adzuna API for country='in', page=1, keyword='Data Engineer'
2026-08-13 00:54:28,462 - INFO - Fetched and processed 20 records for country='in', keyword='Data Engineer', page=1
2026-08-13 00:54:30,124 - INFO - Querying Adzuna API for country='in', page=2, keyword='Data Engineer'
2026-08-13 00:54:30,637 - INFO - Fetched and processed 20 records for country='in', keyword='Data Engineer', page=2
2026-08-13 00:54:32,299 - INFO - Querying Adzuna API for country='gb', page=1, keyword='Developer'
2026-08-13 00:54:32,709 - INFO - Fetched and processed 20 records for country='gb', keyword='Developer', page=1
2026-08-13 00:54:34,102 - INFO - Querying Adzuna API for country='gb', page=2, keyword='Developer'
2026-08-13 00:54:34,605 - INFO - Fetched and processed 20 records for country='gb', keyword='Developer', page=2
2026-08-13 00:54:36,571 - INFO - Querying Adzuna API for country='gb', page=1, keyword='Data Analyst'
2026-08-13 00:54:36,878 - INFO - Fetched and processed 20 records for country='gb', keyword='Data Analyst', page=1
2026-08-13 00:54:37,962 - INFO - Querying Adzuna API for country='gb', page=2, keyword='Data Analyst'
2026-08-13 00:54:38,322 - INFO - Fetched and processed 20 records for country='gb', keyword='Data Analyst', page=2
2026-08-13 00:54:39,362 - INFO - Querying Adzuna API for country='gb', page=1, keyword='Data Scientist'
2026-08-13 00:54:39,619 - INFO - Fetched and processed 20 records for country='gb', keyword='Data Scientist', page=1
2026-08-13 00:54:41,303 - INFO - Querying Adzuna API for country='gb', page=2, keyword='Data Scientist'
2026-08-13 00:54:41,686 - INFO - Fetched and processed 20 records for country='gb', keyword='Data Scientist', page=2
2026-08-13 00:54:43,264 - INFO - Querying Adzuna API for country='gb', page=1, keyword='Business Analyst'
2026-08-13 00:54:43,726 - INFO - Fetched and processed 20 records for country='gb', keyword='Business Analyst', page=1
2026-08-13 00:54:45,266 - INFO - Querying Adzuna API for country='gb', page=2, keyword='Business Analyst'
2026-08-13 00:54:45,756 - INFO - Fetched and processed 20 records for country='gb', keyword='Business Analyst', page=2
2026-08-13 00:54:47,458 - INFO - Querying Adzuna API for country='gb', page=1, keyword='Data Engineer'
2026-08-13 00:54:47,774 - INFO - Fetched and processed 20 records for country='gb', keyword='Data Engineer', page=1
2026-08-13 00:54:49,677 - INFO - Querying Adzuna API for country='gb', page=2, keyword='Data Engineer'
2026-08-13 00:54:50,014 - INFO - Fetched and processed 20 records for country='gb', keyword='Data Engineer', page=2
2026-08-13 00:54:51,397 - INFO - Pipeline executed successfully. Saved 400 JSON objects to data/raw/api_jobs_20260813_005451.json
2026-08-14 00:53:39,939 - INFO - Querying Adzuna API for country='in', page=1, keyword='Developer'
2026-08-14 00:53:40,775 - INFO - Fetched and processed 20 records for country='in', keyword='Developer', page=1
2026-08-14 00:53:41,994 - INFO - Querying Adzuna API for country='in', page=2, keyword='Developer'
2026-08-14 00:53:42,441 - INFO - Fetched and processed 20 records for country='in', keyword='Developer', page=2
2026-08-14 00:53:43,667 - INFO - Querying Adzuna API for country='in', page=1, keyword='Data Analyst'
2026-08-14 00:53:44,154 - INFO - Fetched and processed 20 records for country='in', keyword='Data Analyst', page=1
2026-08-14 00:53:45,908 - INFO - Querying Adzuna API for country='in', page=2, keyword='Data Analyst'
2026-08-14 00:53:46,432 - INFO - Fetched and processed 20 records for country='in', keyword='Data Analyst', page=2
2026-08-14 00:53:48,200 - INFO - Querying Adzuna API for country='in', page=1, keyword='Data Scientist'
2026-08-14 00:53:48,766 - INFO - Fetched and processed 20 records for country='in', keyword='Data Scientist', page=1
2026-08-14 00:53:50,031 - INFO - Querying Adzuna API for country='in', page=2, keyword='Data Scientist'
2026-08-14 00:53:50,659 - INFO - Fetched and processed 20 records for country='in', keyword='Data Scientist', page=2
2026-08-14 00:53:52,657 - INFO - Querying Adzuna API for country='in', page=1, keyword='Business Analyst'
2026-08-14 00:53:53,212 - INFO - Fetched and processed 20 records for country='in', keyword='Business Analyst', page=1
2026-08-14 00:53:55,099 - INFO - Querying Adzuna API for country='in', page=2, keyword='Business Analyst'
2026-08-14 00:53:55,567 - INFO - Fetched and processed 20 records for country='in', keyword='Business Analyst', page=2
2026-08-14 00:53:57,349 - INFO - Querying Adzuna API for country='in', page=1, keyword='Data Engineer'
2026-08-14 00:53:57,859 - INFO - Fetched and processed 20 records for country='in', keyword='Data Engineer', page=1
2026-08-14 00:53:58,958 - INFO - Querying Adzuna API for country='in', page=2, keyword='Data Engineer'
2026-08-14 00:53:59,443 - INFO - Fetched and processed 20 records for country='in', keyword='Data Engineer', page=2
2026-08-14 00:54:01,321 - INFO - Querying Adzuna API for country='gb', page=1, keyword='Developer'
2026-08-14 00:54:01,945 - INFO - Fetched and processed 20 records for country='gb', keyword='Developer', page=1
2026-08-14 00:54:03,636 - INFO - Querying Adzuna API for country='gb', page=2, keyword='Developer'
2026-08-14 00:54:04,316 - INFO - Fetched and processed 20 records for country='gb', keyword='Developer', page=2
2026-08-14 00:54:06,180 - INFO - Querying Adzuna API for country='gb', page=1, keyword='Data Analyst'
2026-08-14 00:54:06,754 - INFO - Fetched and processed 20 records for country='gb', keyword='Data Analyst', page=1
2026-08-14 00:54:08,167 - INFO - Querying Adzuna API for country='gb', page=2, keyword='Data Analyst'
2026-08-14 00:54:08,909 - INFO - Fetched and processed 20 records for country='gb', keyword='Data Analyst', page=2
2026-08-14 00:54:10,156 - INFO - Querying Adzuna API for country='gb', page=1, keyword='Data Scientist'
2026-08-14 00:54:10,740 - INFO - Fetched and processed 20 records for country='gb', keyword='Data Scientist', page=1
2026-08-14 00:54:12,667 - INFO - Querying Adzuna API for country='gb', page=2, keyword='Data Scientist'
2026-08-14 00:54:13,272 - INFO - Fetched and processed 20 records for country='gb', keyword='Data Scientist', page=2
2026-08-14 00:54:15,059 - INFO - Querying Adzuna API for country='gb', page=1, keyword='Business Analyst'
2026-08-14 00:54:15,600 - INFO - Fetched and processed 20 records for country='gb', keyword='Business Analyst', page=1
2026-08-14 00:54:17,237 - INFO - Querying Adzuna API for country='gb', page=2, keyword='Business Analyst'
2026-08-14 00:54:17,683 - INFO - Fetched and processed 20 records for country='gb', keyword='Business Analyst', page=2
2026-08-14 00:54:19,026 - INFO - Querying Adzuna API for country='gb', page=1, keyword='Data Engineer'
2026-08-14 00:54:19,645 - INFO - Fetched and processed 20 records for country='gb', keyword='Data Engineer', page=1
2026-08-14 00:54:20,942 - INFO - Querying Adzuna API for country='gb', page=2, keyword='Data Engineer'
2026-08-14 00:54:21,804 - INFO - Fetched and processed 20 records for country='gb', keyword='Data Engineer', page=2
2026-08-14 00:54:23,237 - INFO - Pipeline executed successfully. Saved 400 JSON objects to data/raw/api_jobs_20260814_005423.json
2026-08-15 00:31:13,989 - INFO - Querying Adzuna API for country='in', page=1, keyword='Developer'
2026-08-15 00:31:14,546 - INFO - Fetched and processed 20 records for country='in', keyword='Developer', page=1
2026-08-15 00:31:15,918 - INFO - Querying Adzuna API for country='in', page=2, keyword='Developer'
2026-08-15 00:31:16,513 - INFO - Fetched and processed 20 records for country='in', keyword='Developer', page=2
2026-08-15 00:31:17,959 - INFO - Querying Adzuna API for country='in', page=1, keyword='Data Analyst'
2026-08-15 00:31:18,410 - INFO - Fetched and processed 20 records for country='in', keyword='Data Analyst', page=1
2026-08-15 00:31:20,139 - INFO - Querying Adzuna API for country='in', page=2, keyword='Data Analyst'
2026-08-15 00:31:20,740 - INFO - Fetched and processed 20 records for country='in', keyword='Data Analyst', page=2
2026-08-15 00:31:21,849 - INFO - Querying Adzuna API for country='in', page=1, keyword='Data Scientist'
2026-08-15 00:31:22,232 - INFO - Fetched and processed 20 records for country='in', keyword='Data Scientist', page=1
2026-08-15 00:31:23,248 - INFO - Querying Adzuna API for country='in', page=2, keyword='Data Scientist'
2026-08-15 00:31:23,667 - INFO - Fetched and processed 20 records for country='in', keyword='Data Scientist', page=2
2026-08-15 00:31:24,882 - INFO - Querying Adzuna API for country='in', page=1, keyword='Business Analyst'
2026-08-15 00:31:25,478 - INFO - Fetched and processed 20 records for country='in', keyword='Business Analyst', page=1
2026-08-15 00:31:27,411 - INFO - Querying Adzuna API for country='in', page=2, keyword='Business Analyst'
2026-08-15 00:31:27,871 - INFO - Fetched and processed 20 records for country='in', keyword='Business Analyst', page=2
2026-08-15 00:31:29,836 - INFO - Querying Adzuna API for country='in', page=1, keyword='Data Engineer'
2026-08-15 00:31:30,329 - INFO - Fetched and processed 20 records for country='in', keyword='Data Engineer', page=1
2026-08-15 00:31:32,168 - INFO - Querying Adzuna API for country='in', page=2, keyword='Data Engineer'
2026-08-15 00:31:32,862 - INFO - Fetched and processed 20 records for country='in', keyword='Data Engineer', page=2
2026-08-15 00:31:34,797 - INFO - Querying Adzuna API for country='gb', page=1, keyword='Developer'
2026-08-15 00:31:35,438 - INFO - Fetched and processed 20 records for country='gb', keyword='Developer', page=1
2026-08-15 00:31:37,332 - INFO - Querying Adzuna API for country='gb', page=2, keyword='Developer'
2026-08-15 00:31:37,966 - INFO - Fetched and processed 20 records for country='gb', keyword='Developer', page=2
2026-08-15 00:31:39,503 - INFO - Querying Adzuna API for country='gb', page=1, keyword='Data Analyst'
2026-08-15 00:31:39,958 - INFO - Fetched and processed 20 records for country='gb', keyword='Data Analyst', page=1
2026-08-15 00:31:41,031 - INFO - Querying Adzuna API for country='gb', page=2, keyword='Data Analyst'
2026-08-15 00:31:41,494 - INFO - Fetched and processed 20 records for country='gb', keyword='Data Analyst', page=2
2026-08-15 00:31:43,371 - INFO - Querying Adzuna API for country='gb', page=1, keyword='Data Scientist'
2026-08-15 00:31:43,776 - INFO - Fetched and processed 20 records for country='gb', keyword='Data Scientist', page=1
2026-08-15 00:31:45,199 - INFO - Querying Adzuna API for country='gb', page=2, keyword='Data Scientist'
2026-08-15 00:31:45,619 - INFO - Fetched and processed 20 records for country='gb', keyword='Data Scientist', page=2
2026-08-15 00:31:46,800 - INFO - Querying Adzuna API for country='gb', page=1, keyword='Business Analyst'
2026-08-15 00:31:47,322 - INFO - Fetched and processed 20 records for country='gb', keyword='Business Analyst', page=1
2026-08-15 00:31:48,984 - INFO - Querying Adzuna API for country='gb', page=2, keyword='Business Analyst'
2026-08-15 00:31:49,569 - INFO - Fetched and processed 20 records for country='gb', keyword='Business Analyst', page=2
2026-08-15 00:31:51,039 - INFO - Querying Adzuna API for country='gb', page=1, keyword='Data Engineer'
2026-08-15 00:31:51,469 - INFO - Fetched and processed 20 records for country='gb', keyword='Data Engineer', page=1
2026-08-15 00:31:52,689 - INFO - Querying Adzuna API for country='gb', page=2, keyword='Data Engineer'
2026-08-15 00:31:53,125 - INFO - Fetched and processed 20 records for country='gb', keyword='Data Engineer', page=2
2026-08-15 00:31:54,554 - INFO - Pipeline executed successfully. Saved 400 JSON objects to data/raw/api_jobs_20260815_003154.json
2026-08-16 00:31:35,356 - INFO - Querying Adzuna API for country='in', page=1, keyword='Developer'
2026-08-16 00:31:35,869 - INFO - Fetched and processed 20 records for country='in', keyword='Developer', page=1
2026-08-16 00:31:37,399 - INFO - Querying Adzuna API for country='in', page=2, keyword='Developer'
2026-08-16 00:31:38,088 - INFO - Fetched and processed 20 records for country='in', keyword='Developer', page=2
2026-08-16 00:31:39,731 - INFO - Querying Adzuna API for country='in', page=1, keyword='Data Analyst'
2026-08-16 00:31:40,104 - INFO - Fetched and processed 20 records for country='in', keyword='Data Analyst', page=1
2026-08-16 00:31:41,360 - INFO - Querying Adzuna API for country='in', page=2, keyword='Data Analyst'
2026-08-16 00:31:41,884 - INFO - Fetched and processed 20 records for country='in', keyword='Data Analyst', page=2
2026-08-16 00:31:43,386 - INFO - Querying Adzuna API for country='in', page=1, keyword='Data Scientist'
2026-08-16 00:31:43,790 - INFO - Fetched and processed 20 records for country='in', keyword='Data Scientist', page=1
2026-08-16 00:31:45,409 - INFO - Querying Adzuna API for country='in', page=2, keyword='Data Scientist'
2026-08-16 00:31:45,769 - INFO - Fetched and processed 20 records for country='in', keyword='Data Scientist', page=2
2026-08-16 00:31:47,150 - INFO - Querying Adzuna API for country='in', page=1, keyword='Business Analyst'
2026-08-16 00:31:47,468 - INFO - Fetched and processed 20 records for country='in', keyword='Business Analyst', page=1
2026-08-16 00:31:48,607 - INFO - Querying Adzuna API for country='in', page=2, keyword='Business Analyst'
2026-08-16 00:31:49,124 - INFO - Fetched and processed 20 records for country='in', keyword='Business Analyst', page=2
2026-08-16 00:31:50,652 - INFO - Querying Adzuna API for country='in', page=1, keyword='Data Engineer'
2026-08-16 00:31:51,134 - INFO - Fetched and processed 20 records for country='in', keyword='Data Engineer', page=1
2026-08-16 00:31:52,230 - INFO - Querying Adzuna API for country='in', page=2, keyword='Data Engineer'
2026-08-16 00:31:52,778 - INFO - Fetched and processed 20 records for country='in', keyword='Data Engineer', page=2
2026-08-16 00:31:53,807 - INFO - Querying Adzuna API for country='gb', page=1, keyword='Developer'
2026-08-16 00:31:54,669 - INFO - Fetched and processed 20 records for country='gb', keyword='Developer', page=1
2026-08-16 00:31:56,526 - INFO - Querying Adzuna API for country='gb', page=2, keyword='Developer'
2026-08-16 00:31:57,420 - INFO - Fetched and processed 20 records for country='gb', keyword='Developer', page=2
2026-08-16 00:31:58,477 - INFO - Querying Adzuna API for country='gb', page=1, keyword='Data Analyst'
2026-08-16 00:31:58,920 - INFO - Fetched and processed 20 records for country='gb', keyword='Data Analyst', page=1
2026-08-16 00:32:00,555 - INFO - Querying Adzuna API for country='gb', page=2, keyword='Data Analyst'
2026-08-16 00:32:00,905 - INFO - Fetched and processed 20 records for country='gb', keyword='Data Analyst', page=2
2026-08-16 00:32:01,937 - INFO - Querying Adzuna API for country='gb', page=1, keyword='Data Scientist'
2026-08-16 00:32:02,999 - INFO - Fetched and processed 20 records for country='gb', keyword='Data Scientist', page=1
2026-08-16 00:32:04,637 - INFO - Querying Adzuna API for country='gb', page=2, keyword='Data Scientist'
2026-08-16 00:32:05,285 - INFO - Fetched and processed 20 records for country='gb', keyword='Data Scientist', page=2
2026-08-16 00:32:06,421 - INFO - Querying Adzuna API for country='gb', page=1, keyword='Business Analyst'
2026-08-16 00:32:07,175 - INFO - Fetched and processed 20 records for country='gb', keyword='Business Analyst', page=1
2026-08-16 00:32:09,072 - INFO - Querying Adzuna API for country='gb', page=2, keyword='Business Analyst'
2026-08-16 00:32:09,620 - INFO - Fetched and processed 20 records for country='gb', keyword='Business Analyst', page=2
2026-08-16 00:32:10,739 - INFO - Querying Adzuna API for country='gb', page=1, keyword='Data Engineer'
2026-08-16 00:32:11,573 - INFO - Fetched and processed 20 records for country='gb', keyword='Data Engineer', page=1
2026-08-16 00:32:12,680 - INFO - Querying Adzuna API for country='gb', page=2, keyword='Data Engineer'
2026-08-16 00:32:13,257 - INFO - Fetched and processed 20 records for country='gb', keyword='Data Engineer', page=2
2026-08-16 00:32:14,338 - INFO - Pipeline executed successfully. Saved 400 JSON objects to data/raw/api_jobs_20260816_003214.json
2026-08-17 00:29:59,683 - INFO - Querying Adzuna API for country='in', page=1, keyword='Developer'
2026-08-17 00:30:00,271 - INFO - Fetched and processed 20 records for country='in', keyword='Developer', page=1
2026-08-17 00:30:01,373 - INFO - Querying Adzuna API for country='in', page=2, keyword='Developer'
2026-08-17 00:30:02,436 - INFO - Fetched and processed 20 records for country='in', keyword='Developer', page=2
2026-08-17 00:30:04,134 - INFO - Querying Adzuna API for country='in', page=1, keyword='Data Analyst'
2026-08-17 00:30:11,430 - INFO - Fetched and processed 20 records for country='in', keyword='Data Analyst', page=1
2026-08-17 00:30:13,136 - INFO - Querying Adzuna API for country='in', page=2, keyword='Data Analyst'
2026-08-17 00:30:15,081 - INFO - Fetched and processed 20 records for country='in', keyword='Data Analyst', page=2
2026-08-17 00:30:16,711 - INFO - Querying Adzuna API for country='in', page=1, keyword='Data Scientist'
2026-08-17 00:30:18,018 - INFO - Fetched and processed 20 records for country='in', keyword='Data Scientist', page=1
2026-08-17 00:30:19,879 - INFO - Querying Adzuna API for country='in', page=2, keyword='Data Scientist'
2026-08-17 00:30:20,996 - INFO - Fetched and processed 20 records for country='in', keyword='Data Scientist', page=2
2026-08-17 00:30:22,607 - INFO - Querying Adzuna API for country='in', page=1, keyword='Business Analyst'
2026-08-17 00:30:23,846 - INFO - Fetched and processed 20 records for country='in', keyword='Business Analyst', page=1
2026-08-17 00:30:25,038 - INFO - Querying Adzuna API for country='in', page=2, keyword='Business Analyst'
2026-08-17 00:30:26,105 - INFO - Fetched and processed 20 records for country='in', keyword='Business Analyst', page=2
2026-08-17 00:30:27,369 - INFO - Querying Adzuna API for country='in', page=1, keyword='Data Engineer'
2026-08-17 00:30:28,199 - INFO - Fetched and processed 20 records for country='in', keyword='Data Engineer', page=1
2026-08-17 00:30:29,224 - INFO - Querying Adzuna API for country='in', page=2, keyword='Data Engineer'
2026-08-17 00:30:29,850 - INFO - Fetched and processed 20 records for country='in', keyword='Data Engineer', page=2
2026-08-17 00:30:31,264 - INFO - Querying Adzuna API for country='gb', page=1, keyword='Developer'
2026-08-17 00:30:31,905 - INFO - Fetched and processed 20 records for country='gb', keyword='Developer', page=1
2026-08-17 00:30:32,951 - INFO - Querying Adzuna API for country='gb', page=2, keyword='Developer'
2026-08-17 00:30:33,701 - INFO - Fetched and processed 20 records for country='gb', keyword='Developer', page=2
2026-08-17 00:30:34,987 - INFO - Querying Adzuna API for country='gb', page=1, keyword='Data Analyst'
2026-08-17 00:30:35,762 - INFO - Fetched and processed 20 records for country='gb', keyword='Data Analyst', page=1
2026-08-17 00:30:37,124 - INFO - Querying Adzuna API for country='gb', page=2, keyword='Data Analyst'
2026-08-17 00:30:37,571 - INFO - Fetched and processed 20 records for country='gb', keyword='Data Analyst', page=2
2026-08-17 00:30:39,270 - INFO - Querying Adzuna API for country='gb', page=1, keyword='Data Scientist'
2026-08-17 00:30:39,914 - INFO - Fetched and processed 20 records for country='gb', keyword='Data Scientist', page=1
2026-08-17 00:30:41,333 - INFO - Querying Adzuna API for country='gb', page=2, keyword='Data Scientist'
2026-08-17 00:30:41,677 - INFO - Fetched and processed 20 records for country='gb', keyword='Data Scientist', page=2
2026-08-17 00:30:43,126 - INFO - Querying Adzuna API for country='gb', page=1, keyword='Business Analyst'
2026-08-17 00:30:43,914 - INFO - Fetched and processed 20 records for country='gb', keyword='Business Analyst', page=1
2026-08-17 00:30:45,654 - INFO - Querying Adzuna API for country='gb', page=2, keyword='Business Analyst'
2026-08-17 00:30:46,368 - INFO - Fetched and processed 20 records for country='gb', keyword='Business Analyst', page=2
2026-08-17 00:30:48,047 - INFO - Querying Adzuna API for country='gb', page=1, keyword='Data Engineer'
2026-08-17 00:30:48,486 - INFO - Fetched and processed 20 records for country='gb', keyword='Data Engineer', page=1
2026-08-17 00:30:50,472 - INFO - Querying Adzuna API for country='gb', page=2, keyword='Data Engineer'
2026-08-17 00:30:50,806 - INFO - Fetched and processed 20 records for country='gb', keyword='Data Engineer', page=2
2026-08-17 00:30:51,949 - INFO - Pipeline executed successfully. Saved 400 JSON objects to data/raw/api_jobs_20260817_003051.json
2026-08-18 00:29:32,745 - INFO - Querying Adzuna API for country='in', page=1, keyword='Developer'
2026-08-18 00:29:33,522 - INFO - Fetched and processed 20 records for country='in', keyword='Developer', page=1
2026-08-18 00:29:35,339 - INFO - Querying Adzuna API for country='in', page=2, keyword='Developer'
2026-08-18 00:29:35,885 - INFO - Fetched and processed 20 records for country='in', keyword='Developer', page=2
2026-08-18 00:29:37,773 - INFO - Querying Adzuna API for country='in', page=1, keyword='Data Analyst'
2026-08-18 00:29:38,268 - INFO - Fetched and processed 20 records for country='in', keyword='Data Analyst', page=1
2026-08-18 00:29:40,160 - INFO - Querying Adzuna API for country='in', page=2, keyword='Data Analyst'
2026-08-18 00:29:40,825 - INFO - Fetched and processed 20 records for country='in', keyword='Data Analyst', page=2
2026-08-18 00:29:42,368 - INFO - Querying Adzuna API for country='in', page=1, keyword='Data Scientist'
2026-08-18 00:29:42,891 - INFO - Fetched and processed 20 records for country='in', keyword='Data Scientist', page=1
2026-08-18 00:29:44,372 - INFO - Querying Adzuna API for country='in', page=2, keyword='Data Scientist'
2026-08-18 00:29:44,795 - INFO - Fetched and processed 20 records for country='in', keyword='Data Scientist', page=2
2026-08-18 00:29:46,669 - INFO - Querying Adzuna API for country='in', page=1, keyword='Business Analyst'
2026-08-18 00:29:47,320 - INFO - Fetched and processed 20 records for country='in', keyword='Business Analyst', page=1
2026-08-18 00:29:48,346 - INFO - Querying Adzuna API for country='in', page=2, keyword='Business Analyst'
2026-08-18 00:29:48,883 - INFO - Fetched and processed 20 records for country='in', keyword='Business Analyst', page=2
2026-08-18 00:29:50,619 - INFO - Querying Adzuna API for country='in', page=1, keyword='Data Engineer'
2026-08-18 00:29:51,121 - INFO - Fetched and processed 20 records for country='in', keyword='Data Engineer', page=1
2026-08-18 00:29:52,603 - INFO - Querying Adzuna API for country='in', page=2, keyword='Data Engineer'
2026-08-18 00:29:53,174 - INFO - Fetched and processed 20 records for country='in', keyword='Data Engineer', page=2
2026-08-18 00:29:55,172 - INFO - Querying Adzuna API for country='gb', page=1, keyword='Developer'
2026-08-18 00:29:55,844 - INFO - Fetched and processed 20 records for country='gb', keyword='Developer', page=1
2026-08-18 00:29:56,885 - INFO - Querying Adzuna API for country='gb', page=2, keyword='Developer'
2026-08-18 00:29:57,560 - INFO - Fetched and processed 20 records for country='gb', keyword='Developer', page=2
2026-08-18 00:29:58,952 - INFO - Querying Adzuna API for country='gb', page=1, keyword='Data Analyst'
2026-08-18 00:29:59,497 - INFO - Fetched and processed 20 records for country='gb', keyword='Data Analyst', page=1
2026-08-18 00:30:01,248 - INFO - Querying Adzuna API for country='gb', page=2, keyword='Data Analyst'
2026-08-18 00:30:02,188 - INFO - Fetched and processed 20 records for country='gb', keyword='Data Analyst', page=2
2026-08-18 00:30:04,019 - INFO - Querying Adzuna API for country='gb', page=1, keyword='Data Scientist'
2026-08-18 00:30:09,185 - INFO - Fetched and processed 20 records for country='gb', keyword='Data Scientist', page=1
2026-08-18 00:30:10,773 - INFO - Querying Adzuna API for country='gb', page=2, keyword='Data Scientist'
2026-08-18 00:30:14,149 - INFO - Fetched and processed 20 records for country='gb', keyword='Data Scientist', page=2
2026-08-18 00:30:15,183 - INFO - Querying Adzuna API for country='gb', page=1, keyword='Business Analyst'
2026-08-18 00:30:16,384 - INFO - Fetched and processed 20 records for country='gb', keyword='Business Analyst', page=1
2026-08-18 00:30:17,966 - INFO - Querying Adzuna API for country='gb', page=2, keyword='Business Analyst'
2026-08-18 00:30:18,860 - INFO - Fetched and processed 20 records for country='gb', keyword='Business Analyst', page=2
2026-08-18 00:30:20,343 - INFO - Querying Adzuna API for country='gb', page=1, keyword='Data Engineer'
2026-08-18 00:30:21,092 - INFO - Fetched and processed 20 records for country='gb', keyword='Data Engineer', page=1
2026-08-18 00:30:22,104 - INFO - Querying Adzuna API for country='gb', page=2, keyword='Data Engineer'
2026-08-18 00:30:23,040 - INFO - Fetched and processed 20 records for country='gb', keyword='Data Engineer', page=2
2026-08-18 00:30:24,670 - INFO - Pipeline executed successfully. Saved 400 JSON objects to data/raw/api_jobs_20260818_003024.json
2026-08-19 00:30:17,165 - INFO - Querying Adzuna API for country='in', page=1, keyword='Developer'
2026-08-19 00:30:18,717 - INFO - Fetched and processed 20 records for country='in', keyword='Developer', page=1
2026-08-19 00:30:20,487 - INFO - Querying Adzuna API for country='in', page=2, keyword='Developer'
2026-08-19 00:30:22,232 - INFO - Fetched and processed 20 records for country='in', keyword='Developer', page=2
2026-08-19 00:30:23,549 - INFO - Querying Adzuna API for country='in', page=1, keyword='Data Analyst'
2026-08-19 00:30:25,248 - INFO - Fetched and processed 20 records for country='in', keyword='Data Analyst', page=1
2026-08-19 00:30:26,318 - INFO - Querying Adzuna API for country='in', page=2, keyword='Data Analyst'
2026-08-19 00:30:28,004 - INFO - Fetched and processed 20 records for country='in', keyword='Data Analyst', page=2
2026-08-19 00:30:29,759 - INFO - Querying Adzuna API for country='in', page=1, keyword='Data Scientist'
2026-08-19 00:30:31,069 - INFO - Fetched and processed 20 records for country='in', keyword='Data Scientist', page=1
2026-08-19 00:30:32,101 - INFO - Querying Adzuna API for country='in', page=2, keyword='Data Scientist'
2026-08-19 00:30:33,073 - INFO - Fetched and processed 20 records for country='in', keyword='Data Scientist', page=2
2026-08-19 00:30:34,539 - INFO - Querying Adzuna API for country='in', page=1, keyword='Business Analyst'
2026-08-19 00:30:35,696 - INFO - Fetched and processed 20 records for country='in', keyword='Business Analyst', page=1
2026-08-19 00:30:36,790 - INFO - Querying Adzuna API for country='in', page=2, keyword='Business Analyst'
2026-08-19 00:30:38,336 - INFO - Fetched and processed 20 records for country='in', keyword='Business Analyst', page=2
2026-08-19 00:30:40,229 - INFO - Querying Adzuna API for country='in', page=1, keyword='Data Engineer'
2026-08-19 00:30:41,054 - INFO - Fetched and processed 20 records for country='in', keyword='Data Engineer', page=1
2026-08-19 00:30:42,652 - INFO - Querying Adzuna API for country='in', page=2, keyword='Data Engineer'
2026-08-19 00:30:43,807 - INFO - Fetched and processed 20 records for country='in', keyword='Data Engineer', page=2
2026-08-19 00:30:45,688 - INFO - Querying Adzuna API for country='gb', page=1, keyword='Developer'
2026-08-19 00:30:47,035 - INFO - Fetched and processed 20 records for country='gb', keyword='Developer', page=1
2026-08-19 00:30:48,244 - INFO - Querying Adzuna API for country='gb', page=2, keyword='Developer'
2026-08-19 00:30:49,509 - INFO - Fetched and processed 20 records for country='gb', keyword='Developer', page=2
2026-08-19 00:30:50,793 - INFO - Querying Adzuna API for country='gb', page=1, keyword='Data Analyst'
2026-08-19 00:30:52,004 - INFO - Fetched and processed 20 records for country='gb', keyword='Data Analyst', page=1
2026-08-19 00:30:53,722 - INFO - Querying Adzuna API for country='gb', page=2, keyword='Data Analyst'
2026-08-19 00:30:54,597 - INFO - Fetched and processed 20 records for country='gb', keyword='Data Analyst', page=2
2026-08-19 00:30:55,885 - INFO - Querying Adzuna API for country='gb', page=1, keyword='Data Scientist'
2026-08-19 00:30:56,924 - INFO - Fetched and processed 20 records for country='gb', keyword='Data Scientist', page=1
2026-08-19 00:30:58,643 - INFO - Querying Adzuna API for country='gb', page=2, keyword='Data Scientist'
2026-08-19 00:30:59,720 - INFO - Fetched and processed 20 records for country='gb', keyword='Data Scientist', page=2
2026-08-19 00:31:01,175 - INFO - Querying Adzuna API for country='gb', page=1, keyword='Business Analyst'
2026-08-19 00:31:03,302 - INFO - Fetched and processed 20 records for country='gb', keyword='Business Analyst', page=1
2026-08-19 00:31:05,198 - INFO - Querying Adzuna API for country='gb', page=2, keyword='Business Analyst'
2026-08-19 00:31:06,451 - INFO - Fetched and processed 20 records for country='gb', keyword='Business Analyst', page=2
2026-08-19 00:31:07,742 - INFO - Querying Adzuna API for country='gb', page=1, keyword='Data Engineer'
2026-08-19 00:31:09,031 - INFO - Fetched and processed 20 records for country='gb', keyword='Data Engineer', page=1
2026-08-19 00:31:10,982 - INFO - Querying Adzuna API for country='gb', page=2, keyword='Data Engineer'
2026-08-19 00:31:12,279 - INFO - Fetched and processed 20 records for country='gb', keyword='Data Engineer', page=2
2026-08-19 00:31:13,633 - INFO - Pipeline executed successfully. Saved 400 JSON objects to data/raw/api_jobs_20260819_003113.json
2026-08-20 00:30:07,156 - INFO - Querying Adzuna API for country='in', page=1, keyword='Developer'
2026-08-20 00:30:12,263 - INFO - Fetched and processed 20 records for country='in', keyword='Developer', page=1
2026-08-20 00:30:13,554 - INFO - Querying Adzuna API for country='in', page=2, keyword='Developer'
2026-08-20 00:30:15,386 - INFO - Fetched and processed 20 records for country='in', keyword='Developer', page=2
2026-08-20 00:30:16,996 - INFO - Querying Adzuna API for country='in', page=1, keyword='Data Analyst'
2026-08-20 00:30:17,912 - INFO - Fetched and processed 20 records for country='in', keyword='Data Analyst', page=1
2026-08-20 00:30:19,640 - INFO - Querying Adzuna API for country='in', page=2, keyword='Data Analyst'
2026-08-20 00:30:20,706 - INFO - Fetched and processed 20 records for country='in', keyword='Data Analyst', page=2
2026-08-20 00:30:22,230 - INFO - Querying Adzuna API for country='in', page=1, keyword='Data Scientist'
2026-08-20 00:30:22,798 - INFO - Fetched and processed 20 records for country='in', keyword='Data Scientist', page=1
2026-08-20 00:30:23,943 - INFO - Querying Adzuna API for country='in', page=2, keyword='Data Scientist'
2026-08-20 00:30:24,662 - INFO - Fetched and processed 20 records for country='in', keyword='Data Scientist', page=2
2026-08-20 00:30:25,868 - INFO - Querying Adzuna API for country='in', page=1, keyword='Business Analyst'
2026-08-20 00:30:26,703 - INFO - Fetched and processed 20 records for country='in', keyword='Business Analyst', page=1
2026-08-20 00:30:28,251 - INFO - Querying Adzuna API for country='in', page=2, keyword='Business Analyst'
2026-08-20 00:30:29,200 - INFO - Fetched and processed 20 records for country='in', keyword='Business Analyst', page=2
2026-08-20 00:30:31,096 - INFO - Querying Adzuna API for country='in', page=1, keyword='Data Engineer'
2026-08-20 00:30:32,209 - INFO - Fetched and processed 20 records for country='in', keyword='Data Engineer', page=1
2026-08-20 00:30:33,742 - INFO - Querying Adzuna API for country='in', page=2, keyword='Data Engineer'
2026-08-20 00:30:34,618 - INFO - Fetched and processed 20 records for country='in', keyword='Data Engineer', page=2
2026-08-20 00:30:35,843 - INFO - Querying Adzuna API for country='gb', page=1, keyword='Developer'
2026-08-20 00:30:36,658 - INFO - Fetched and processed 20 records for country='gb', keyword='Developer', page=1
2026-08-20 00:30:38,047 - INFO - Querying Adzuna API for country='gb', page=2, keyword='Developer'
2026-08-20 00:30:39,068 - INFO - Fetched and processed 20 records for country='gb', keyword='Developer', page=2
2026-08-20 00:30:40,762 - INFO - Querying Adzuna API for country='gb', page=1, keyword='Data Analyst'
2026-08-20 00:30:41,363 - INFO - Fetched and processed 20 records for country='gb', keyword='Data Analyst', page=1
2026-08-20 00:30:42,445 - INFO - Querying Adzuna API for country='gb', page=2, keyword='Data Analyst'
2026-08-20 00:30:42,972 - INFO - Fetched and processed 20 records for country='gb', keyword='Data Analyst', page=2
2026-08-20 00:30:44,740 - INFO - Querying Adzuna API for country='gb', page=1, keyword='Data Scientist'
2026-08-20 00:30:45,265 - INFO - Fetched and processed 20 records for country='gb', keyword='Data Scientist', page=1
2026-08-20 00:30:46,291 - INFO - Querying Adzuna API for country='gb', page=2, keyword='Data Scientist'
2026-08-20 00:30:46,883 - INFO - Fetched and processed 20 records for country='gb', keyword='Data Scientist', page=2
2026-08-20 00:30:48,291 - INFO - Querying Adzuna API for country='gb', page=1, keyword='Business Analyst'
2026-08-20 00:30:49,057 - INFO - Fetched and processed 20 records for country='gb', keyword='Business Analyst', page=1
2026-08-20 00:30:50,207 - INFO - Querying Adzuna API for country='gb', page=2, keyword='Business Analyst'
2026-08-20 00:30:50,848 - INFO - Fetched and processed 20 records for country='gb', keyword='Business Analyst', page=2
2026-08-20 00:30:52,418 - INFO - Querying Adzuna API for country='gb', page=1, keyword='Data Engineer'
2026-08-20 00:30:53,199 - INFO - Fetched and processed 20 records for country='gb', keyword='Data Engineer', page=1
2026-08-20 00:30:54,401 - INFO - Querying Adzuna API for country='gb', page=2, keyword='Data Engineer'
2026-08-20 00:30:55,089 - INFO - Fetched and processed 20 records for country='gb', keyword='Data Engineer', page=2
2026-08-20 00:30:56,387 - INFO - Pipeline executed successfully. Saved 400 JSON objects to data/raw/api_jobs_20260820_003056.json
2026-08-21 00:32:30,007 - INFO - Querying Adzuna API for country='in', page=1, keyword='Developer'
2026-08-21 00:32:30,676 - INFO - Fetched and processed 20 records for country='in', keyword='Developer', page=1
2026-08-21 00:32:32,149 - INFO - Querying Adzuna API for country='in', page=2, keyword='Developer'
2026-08-21 00:32:32,556 - INFO - Fetched and processed 20 records for country='in', keyword='Developer', page=2
2026-08-21 00:32:34,532 - INFO - Querying Adzuna API for country='in', page=1, keyword='Data Analyst'
2026-08-21 00:32:34,908 - INFO - Fetched and processed 20 records for country='in', keyword='Data Analyst', page=1
2026-08-21 00:32:36,660 - INFO - Querying Adzuna API for country='in', page=2, keyword='Data Analyst'
2026-08-21 00:32:37,319 - INFO - Fetched and processed 20 records for country='in', keyword='Data Analyst', page=2
2026-08-21 00:32:38,646 - INFO - Querying Adzuna API for country='in', page=1, keyword='Data Scientist'
2026-08-21 00:32:39,052 - INFO - Fetched and processed 20 records for country='in', keyword='Data Scientist', page=1
2026-08-21 00:32:40,595 - INFO - Querying Adzuna API for country='in', page=2, keyword='Data Scientist'
2026-08-21 00:32:41,077 - INFO - Fetched and processed 20 records for country='in', keyword='Data Scientist', page=2
2026-08-21 00:32:42,846 - INFO - Querying Adzuna API for country='in', page=1, keyword='Business Analyst'
2026-08-21 00:32:43,374 - INFO - Fetched and processed 20 records for country='in', keyword='Business Analyst', page=1
2026-08-21 00:32:44,539 - INFO - Querying Adzuna API for country='in', page=2, keyword='Business Analyst'
2026-08-21 00:32:44,963 - INFO - Fetched and processed 20 records for country='in', keyword='Business Analyst', page=2
2026-08-21 00:32:46,501 - INFO - Querying Adzuna API for country='in', page=1, keyword='Data Engineer'
2026-08-21 00:32:47,016 - INFO - Fetched and processed 20 records for country='in', keyword='Data Engineer', page=1
2026-08-21 00:32:48,883 - INFO - Querying Adzuna API for country='in', page=2, keyword='Data Engineer'
2026-08-21 00:32:49,352 - INFO - Fetched and processed 20 records for country='in', keyword='Data Engineer', page=2
2026-08-21 00:32:50,586 - INFO - Querying Adzuna API for country='gb', page=1, keyword='Developer'
2026-08-21 00:32:51,164 - INFO - Fetched and processed 20 records for country='gb', keyword='Developer', page=1
2026-08-21 00:32:52,428 - INFO - Querying Adzuna API for country='gb', page=2, keyword='Developer'
2026-08-21 00:32:53,097 - INFO - Fetched and processed 20 records for country='gb', keyword='Developer', page=2
2026-08-21 00:32:54,629 - INFO - Querying Adzuna API for country='gb', page=1, keyword='Data Analyst'
2026-08-21 00:32:54,999 - INFO - Fetched and processed 20 records for country='gb', keyword='Data Analyst', page=1
2026-08-21 00:32:56,954 - INFO - Querying Adzuna API for country='gb', page=2, keyword='Data Analyst'
2026-08-21 00:32:57,389 - INFO - Fetched and processed 20 records for country='gb', keyword='Data Analyst', page=2
2026-08-21 00:32:58,963 - INFO - Querying Adzuna API for country='gb', page=1, keyword='Data Scientist'
2026-08-21 00:32:59,465 - INFO - Fetched and processed 20 records for country='gb', keyword='Data Scientist', page=1
2026-08-21 00:33:00,809 - INFO - Querying Adzuna API for country='gb', page=2, keyword='Data Scientist'
2026-08-21 00:33:01,286 - INFO - Fetched and processed 20 records for country='gb', keyword='Data Scientist', page=2
2026-08-21 00:33:02,493 - INFO - Querying Adzuna API for country='gb', page=1, keyword='Business Analyst'
2026-08-21 00:33:03,251 - INFO - Fetched and processed 20 records for country='gb', keyword='Business Analyst', page=1
2026-08-21 00:33:04,369 - INFO - Querying Adzuna API for country='gb', page=2, keyword='Business Analyst'
2026-08-21 00:33:04,784 - INFO - Fetched and processed 20 records for country='gb', keyword='Business Analyst', page=2
2026-08-21 00:33:06,730 - INFO - Querying Adzuna API for country='gb', page=1, keyword='Data Engineer'
2026-08-21 00:33:07,135 - INFO - Fetched and processed 20 records for country='gb', keyword='Data Engineer', page=1
2026-08-21 00:33:08,330 - INFO - Querying Adzuna API for country='gb', page=2, keyword='Data Engineer'
2026-08-21 00:33:08,743 - INFO - Fetched and processed 20 records for country='gb', keyword='Data Engineer', page=2
2026-08-21 00:33:10,724 - INFO - Pipeline executed successfully. Saved 400 JSON objects to data/raw/api_jobs_20260821_003310.json
2026-08-22 00:29:50,441 - INFO - Querying Adzuna API for country='in', page=1, keyword='Developer'
2026-08-22 00:29:51,316 - INFO - Fetched and processed 20 records for country='in', keyword='Developer', page=1
2026-08-22 00:29:52,743 - INFO - Querying Adzuna API for country='in', page=2, keyword='Developer'
2026-08-22 00:29:53,366 - INFO - Fetched and processed 20 records for country='in', keyword='Developer', page=2
2026-08-22 00:29:55,035 - INFO - Querying Adzuna API for country='in', page=1, keyword='Data Analyst'
2026-08-22 00:29:55,668 - INFO - Fetched and processed 20 records for country='in', keyword='Data Analyst', page=1
2026-08-22 00:29:56,711 - INFO - Querying Adzuna API for country='in', page=2, keyword='Data Analyst'
2026-08-22 00:29:57,314 - INFO - Fetched and processed 20 records for country='in', keyword='Data Analyst', page=2
2026-08-22 00:29:58,696 - INFO - Querying Adzuna API for country='in', page=1, keyword='Data Scientist'
2026-08-22 00:29:59,321 - INFO - Fetched and processed 20 records for country='in', keyword='Data Scientist', page=1
2026-08-22 00:30:00,682 - INFO - Querying Adzuna API for country='in', page=2, keyword='Data Scientist'
2026-08-22 00:30:01,285 - INFO - Fetched and processed 20 records for country='in', keyword='Data Scientist', page=2
2026-08-22 00:30:02,671 - INFO - Querying Adzuna API for country='in', page=1, keyword='Business Analyst'
2026-08-22 00:30:07,262 - INFO - Fetched and processed 20 records for country='in', keyword='Business Analyst', page=1
2026-08-22 00:30:08,888 - INFO - Querying Adzuna API for country='in', page=2, keyword='Business Analyst'
2026-08-22 00:30:09,154 - ERROR - HTTP Connection Blocked: 503 Server Error: Service Temporarily Unavailable for url: https://api.adzuna.com/v1/api/jobs/in/search/2?app_id=91538a0c&app_key=48ef784ab8511ecfc1ad8b771e41346b&results_per_page=20&what=Business+Analyst&content-type=application%2Fjson
2026-08-22 00:30:11,015 - INFO - Querying Adzuna API for country='in', page=1, keyword='Data Engineer'
2026-08-22 00:30:11,270 - ERROR - HTTP Connection Blocked: 503 Server Error: Service Temporarily Unavailable for url: https://api.adzuna.com/v1/api/jobs/in/search/1?app_id=91538a0c&app_key=48ef784ab8511ecfc1ad8b771e41346b&results_per_page=20&what=Data+Engineer&content-type=application%2Fjson
2026-08-22 00:30:12,598 - INFO - Querying Adzuna API for country='in', page=2, keyword='Data Engineer'
2026-08-22 00:30:14,783 - INFO - Fetched and processed 20 records for country='in', keyword='Data Engineer', page=2
2026-08-22 00:30:16,709 - INFO - Querying Adzuna API for country='gb', page=1, keyword='Developer'
2026-08-22 00:30:18,264 - INFO - Fetched and processed 20 records for country='gb', keyword='Developer', page=1
2026-08-22 00:30:20,078 - INFO - Querying Adzuna API for country='gb', page=2, keyword='Developer'
2026-08-22 00:30:21,194 - INFO - Fetched and processed 20 records for country='gb', keyword='Developer', page=2
2026-08-22 00:30:22,533 - INFO - Querying Adzuna API for country='gb', page=1, keyword='Data Analyst'
2026-08-22 00:30:23,593 - INFO - Fetched and processed 20 records for country='gb', keyword='Data Analyst', page=1
2026-08-22 00:30:25,239 - INFO - Querying Adzuna API for country='gb', page=2, keyword='Data Analyst'
2026-08-22 00:30:25,990 - INFO - Fetched and processed 20 records for country='gb', keyword='Data Analyst', page=2
2026-08-22 00:30:27,653 - INFO - Querying Adzuna API for country='gb', page=1, keyword='Data Scientist'
2026-08-22 00:30:28,410 - INFO - Fetched and processed 20 records for country='gb', keyword='Data Scientist', page=1
2026-08-22 00:30:29,885 - INFO - Querying Adzuna API for country='gb', page=2, keyword='Data Scientist'
2026-08-22 00:30:30,526 - INFO - Fetched and processed 20 records for country='gb', keyword='Data Scientist', page=2
2026-08-22 00:30:31,589 - INFO - Querying Adzuna API for country='gb', page=1, keyword='Business Analyst'
2026-08-22 00:30:32,467 - INFO - Fetched and processed 20 records for country='gb', keyword='Business Analyst', page=1
2026-08-22 00:30:33,983 - INFO - Querying Adzuna API for country='gb', page=2, keyword='Business Analyst'
2026-08-22 00:30:34,640 - INFO - Fetched and processed 20 records for country='gb', keyword='Business Analyst', page=2
2026-08-22 00:30:35,816 - INFO - Querying Adzuna API for country='gb', page=1, keyword='Data Engineer'
2026-08-22 00:30:36,653 - INFO - Fetched and processed 20 records for country='gb', keyword='Data Engineer', page=1
2026-08-22 00:30:37,870 - INFO - Querying Adzuna API for country='gb', page=2, keyword='Data Engineer'
2026-08-22 00:30:38,554 - INFO - Fetched and processed 20 records for country='gb', keyword='Data Engineer', page=2
2026-08-22 00:30:39,562 - INFO - Pipeline executed successfully. Saved 360 JSON objects to data/raw/api_jobs_20260822_003039.json
2026-08-23 00:33:02,053 - INFO - Querying Adzuna API for country='in', page=1, keyword='Developer'
2026-08-23 00:33:02,734 - INFO - Fetched and processed 20 records for country='in', keyword='Developer', page=1
2026-08-23 00:33:04,405 - INFO - Querying Adzuna API for country='in', page=2, keyword='Developer'
2026-08-23 00:33:04,846 - INFO - Fetched and processed 20 records for country='in', keyword='Developer', page=2
2026-08-23 00:33:06,685 - INFO - Querying Adzuna API for country='in', page=1, keyword='Data Analyst'
2026-08-23 00:33:07,042 - INFO - Fetched and processed 20 records for country='in', keyword='Data Analyst', page=1
2026-08-23 00:33:08,237 - INFO - Querying Adzuna API for country='in', page=2, keyword='Data Analyst'
2026-08-23 00:33:08,652 - INFO - Fetched and processed 20 records for country='in', keyword='Data Analyst', page=2
2026-08-23 00:33:09,980 - INFO - Querying Adzuna API for country='in', page=1, keyword='Data Scientist'
2026-08-23 00:33:10,366 - INFO - Fetched and processed 20 records for country='in', keyword='Data Scientist', page=1
2026-08-23 00:33:11,496 - INFO - Querying Adzuna API for country='in', page=2, keyword='Data Scientist'
2026-08-23 00:33:11,893 - INFO - Fetched and processed 20 records for country='in', keyword='Data Scientist', page=2
2026-08-23 00:33:13,636 - INFO - Querying Adzuna API for country='in', page=1, keyword='Business Analyst'
2026-08-23 00:33:14,134 - INFO - Fetched and processed 20 records for country='in', keyword='Business Analyst', page=1
2026-08-23 00:33:15,426 - INFO - Querying Adzuna API for country='in', page=2, keyword='Business Analyst'
2026-08-23 00:33:15,921 - INFO - Fetched and processed 20 records for country='in', keyword='Business Analyst', page=2
2026-08-23 00:33:17,374 - INFO - Querying Adzuna API for country='in', page=1, keyword='Data Engineer'
2026-08-23 00:33:17,761 - INFO - Fetched and processed 20 records for country='in', keyword='Data Engineer', page=1
2026-08-23 00:33:19,624 - INFO - Querying Adzuna API for country='in', page=2, keyword='Data Engineer'
2026-08-23 00:33:20,022 - INFO - Fetched and processed 20 records for country='in', keyword='Data Engineer', page=2
2026-08-23 00:33:21,239 - INFO - Querying Adzuna API for country='gb', page=1, keyword='Developer'
2026-08-23 00:33:21,765 - INFO - Fetched and processed 20 records for country='gb', keyword='Developer', page=1
2026-08-23 00:33:23,495 - INFO - Querying Adzuna API for country='gb', page=2, keyword='Developer'
2026-08-23 00:33:24,039 - INFO - Fetched and processed 20 records for country='gb', keyword='Developer', page=2
2026-08-23 00:33:25,200 - INFO - Querying Adzuna API for country='gb', page=1, keyword='Data Analyst'
2026-08-23 00:33:25,652 - INFO - Fetched and processed 20 records for country='gb', keyword='Data Analyst', page=1
2026-08-23 00:33:26,884 - INFO - Querying Adzuna API for country='gb', page=2, keyword='Data Analyst'
2026-08-23 00:33:27,281 - INFO - Fetched and processed 20 records for country='gb', keyword='Data Analyst', page=2
2026-08-23 00:33:28,884 - INFO - Querying Adzuna API for country='gb', page=1, keyword='Data Scientist'
2026-08-23 00:33:29,298 - INFO - Fetched and processed 20 records for country='gb', keyword='Data Scientist', page=1
2026-08-23 00:33:30,733 - INFO - Querying Adzuna API for country='gb', page=2, keyword='Data Scientist'
2026-08-23 00:33:31,097 - INFO - Fetched and processed 20 records for country='gb', keyword='Data Scientist', page=2
2026-08-23 00:33:32,524 - INFO - Querying Adzuna API for country='gb', page=1, keyword='Business Analyst'
2026-08-23 00:33:32,903 - INFO - Fetched and processed 20 records for country='gb', keyword='Business Analyst', page=1
2026-08-23 00:33:34,184 - INFO - Querying Adzuna API for country='gb', page=2, keyword='Business Analyst'
2026-08-23 00:33:34,597 - INFO - Fetched and processed 20 records for country='gb', keyword='Business Analyst', page=2
2026-08-23 00:33:36,015 - INFO - Querying Adzuna API for country='gb', page=1, keyword='Data Engineer'
2026-08-23 00:33:36,573 - INFO - Fetched and processed 20 records for country='gb', keyword='Data Engineer', page=1
2026-08-23 00:33:38,440 - INFO - Querying Adzuna API for country='gb', page=2, keyword='Data Engineer'
2026-08-23 00:33:38,826 - INFO - Fetched and processed 20 records for country='gb', keyword='Data Engineer', page=2
2026-08-23 00:33:40,064 - INFO - Pipeline executed successfully. Saved 400 JSON objects to data/raw/api_jobs_20260823_003340.json
2026-08-24 00:31:39,549 - INFO - Querying Adzuna API for country='in', page=1, keyword='Developer'
2026-08-24 00:31:40,348 - INFO - Fetched and processed 20 records for country='in', keyword='Developer', page=1
2026-08-24 00:31:41,362 - INFO - Querying Adzuna API for country='in', page=2, keyword='Developer'
2026-08-24 00:31:41,923 - INFO - Fetched and processed 20 records for country='in', keyword='Developer', page=2
2026-08-24 00:31:43,419 - INFO - Querying Adzuna API for country='in', page=1, keyword='Data Analyst'
2026-08-24 00:31:43,977 - INFO - Fetched and processed 20 records for country='in', keyword='Data Analyst', page=1
2026-08-24 00:31:45,967 - INFO - Querying Adzuna API for country='in', page=2, keyword='Data Analyst'
2026-08-24 00:31:46,534 - INFO - Fetched and processed 20 records for country='in', keyword='Data Analyst', page=2
2026-08-24 00:31:47,928 - INFO - Querying Adzuna API for country='in', page=1, keyword='Data Scientist'
2026-08-24 00:31:48,508 - INFO - Fetched and processed 20 records for country='in', keyword='Data Scientist', page=1
2026-08-24 00:31:49,751 - INFO - Querying Adzuna API for country='in', page=2, keyword='Data Scientist'
2026-08-24 00:31:50,436 - INFO - Fetched and processed 20 records for country='in', keyword='Data Scientist', page=2
2026-08-24 00:31:51,941 - INFO - Querying Adzuna API for country='in', page=1, keyword='Business Analyst'
2026-08-24 00:31:52,449 - INFO - Fetched and processed 20 records for country='in', keyword='Business Analyst', page=1
2026-08-24 00:31:54,048 - INFO - Querying Adzuna API for country='in', page=2, keyword='Business Analyst'
2026-08-24 00:31:54,629 - INFO - Fetched and processed 20 records for country='in', keyword='Business Analyst', page=2
2026-08-24 00:31:55,894 - INFO - Querying Adzuna API for country='in', page=1, keyword='Data Engineer'
2026-08-24 00:31:56,568 - INFO - Fetched and processed 20 records for country='in', keyword='Data Engineer', page=1
2026-08-24 00:31:58,437 - INFO - Querying Adzuna API for country='in', page=2, keyword='Data Engineer'
2026-08-24 00:31:59,121 - INFO - Fetched and processed 20 records for country='in', keyword='Data Engineer', page=2
2026-08-24 00:32:00,524 - INFO - Querying Adzuna API for country='gb', page=1, keyword='Developer'
2026-08-24 00:32:01,326 - INFO - Fetched and processed 20 records for country='gb', keyword='Developer', page=1
2026-08-24 00:32:02,458 - INFO - Querying Adzuna API for country='gb', page=2, keyword='Developer'
2026-08-24 00:32:03,125 - INFO - Fetched and processed 20 records for country='gb', keyword='Developer', page=2
2026-08-24 00:32:04,702 - INFO - Querying Adzuna API for country='gb', page=1, keyword='Data Analyst'
2026-08-24 00:32:05,281 - INFO - Fetched and processed 20 records for country='gb', keyword='Data Analyst', page=1
2026-08-24 00:32:06,380 - INFO - Querying Adzuna API for country='gb', page=2, keyword='Data Analyst'
2026-08-24 00:32:06,936 - INFO - Fetched and processed 20 records for country='gb', keyword='Data Analyst', page=2
2026-08-24 00:32:08,673 - INFO - Querying Adzuna API for country='gb', page=1, keyword='Data Scientist'
2026-08-24 00:32:09,374 - INFO - Fetched and processed 20 records for country='gb', keyword='Data Scientist', page=1
2026-08-24 00:32:10,598 - INFO - Querying Adzuna API for country='gb', page=2, keyword='Data Scientist'
2026-08-24 00:32:11,193 - INFO - Fetched and processed 20 records for country='gb', keyword='Data Scientist', page=2
2026-08-24 00:32:13,026 - INFO - Querying Adzuna API for country='gb', page=1, keyword='Business Analyst'
2026-08-24 00:32:13,654 - INFO - Fetched and processed 20 records for country='gb', keyword='Business Analyst', page=1
2026-08-24 00:32:15,108 - INFO - Querying Adzuna API for country='gb', page=2, keyword='Business Analyst'
2026-08-24 00:32:15,699 - INFO - Fetched and processed 20 records for country='gb', keyword='Business Analyst', page=2
2026-08-24 00:32:16,866 - INFO - Querying Adzuna API for country='gb', page=1, keyword='Data Engineer'
2026-08-24 00:32:17,487 - INFO - Fetched and processed 20 records for country='gb', keyword='Data Engineer', page=1
2026-08-24 00:32:18,628 - INFO - Querying Adzuna API for country='gb', page=2, keyword='Data Engineer'
2026-08-24 00:32:19,280 - INFO - Fetched and processed 20 records for country='gb', keyword='Data Engineer', page=2
2026-08-24 00:32:20,977 - INFO - Pipeline executed successfully. Saved 400 JSON objects to data/raw/api_jobs_20260824_003220.json
2026-08-25 00:31:05,883 - INFO - Querying Adzuna API for country='in', page=1, keyword='Developer'
2026-08-25 00:31:06,700 - INFO - Fetched and processed 20 records for country='in', keyword='Developer', page=1
2026-08-25 00:31:07,967 - INFO - Querying Adzuna API for country='in', page=2, keyword='Developer'
2026-08-25 00:31:08,568 - INFO - Fetched and processed 20 records for country='in', keyword='Developer', page=2
2026-08-25 00:31:09,795 - INFO - Querying Adzuna API for country='in', page=1, keyword='Data Analyst'
2026-08-25 00:31:10,372 - INFO - Fetched and processed 20 records for country='in', keyword='Data Analyst', page=1
2026-08-25 00:31:11,734 - INFO - Querying Adzuna API for country='in', page=2, keyword='Data Analyst'
2026-08-25 00:31:12,423 - INFO - Fetched and processed 20 records for country='in', keyword='Data Analyst', page=2
2026-08-25 00:31:14,178 - INFO - Querying Adzuna API for country='in', page=1, keyword='Data Scientist'
2026-08-25 00:31:14,865 - INFO - Fetched and processed 20 records for country='in', keyword='Data Scientist', page=1
2026-08-25 00:31:16,210 - INFO - Querying Adzuna API for country='in', page=2, keyword='Data Scientist'
2026-08-25 00:31:16,872 - INFO - Fetched and processed 20 records for country='in', keyword='Data Scientist', page=2
2026-08-25 00:31:18,198 - INFO - Querying Adzuna API for country='in', page=1, keyword='Business Analyst'
2026-08-25 00:31:18,806 - INFO - Fetched and processed 20 records for country='in', keyword='Business Analyst', page=1
2026-08-25 00:31:19,989 - INFO - Querying Adzuna API for country='in', page=2, keyword='Business Analyst'
2026-08-25 00:31:20,583 - INFO - Fetched and processed 20 records for country='in', keyword='Business Analyst', page=2
2026-08-25 00:31:21,866 - INFO - Querying Adzuna API for country='in', page=1, keyword='Data Engineer'
2026-08-25 00:31:22,430 - INFO - Fetched and processed 20 records for country='in', keyword='Data Engineer', page=1
2026-08-25 00:31:24,014 - INFO - Querying Adzuna API for country='in', page=2, keyword='Data Engineer'
2026-08-25 00:31:24,727 - INFO - Fetched and processed 20 records for country='in', keyword='Data Engineer', page=2
2026-08-25 00:31:25,891 - INFO - Querying Adzuna API for country='gb', page=1, keyword='Developer'
2026-08-25 00:31:26,596 - INFO - Fetched and processed 20 records for country='gb', keyword='Developer', page=1
2026-08-25 00:31:28,039 - INFO - Querying Adzuna API for country='gb', page=2, keyword='Developer'
2026-08-25 00:31:28,646 - INFO - Fetched and processed 20 records for country='gb', keyword='Developer', page=2
2026-08-25 00:31:30,455 - INFO - Querying Adzuna API for country='gb', page=1, keyword='Data Analyst'
2026-08-25 00:31:31,029 - INFO - Fetched and processed 20 records for country='gb', keyword='Data Analyst', page=1
2026-08-25 00:31:32,769 - INFO - Querying Adzuna API for country='gb', page=2, keyword='Data Analyst'
2026-08-25 00:31:33,497 - INFO - Fetched and processed 20 records for country='gb', keyword='Data Analyst', page=2
2026-08-25 00:31:35,437 - INFO - Querying Adzuna API for country='gb', page=1, keyword='Data Scientist'
2026-08-25 00:31:36,243 - INFO - Fetched and processed 20 records for country='gb', keyword='Data Scientist', page=1
2026-08-25 00:31:37,274 - INFO - Querying Adzuna API for country='gb', page=2, keyword='Data Scientist'
2026-08-25 00:31:37,900 - INFO - Fetched and processed 20 records for country='gb', keyword='Data Scientist', page=2
2026-08-25 00:31:39,533 - INFO - Querying Adzuna API for country='gb', page=1, keyword='Business Analyst'
2026-08-25 00:31:40,189 - INFO - Fetched and processed 20 records for country='gb', keyword='Business Analyst', page=1
2026-08-25 00:31:41,619 - INFO - Querying Adzuna API for country='gb', page=2, keyword='Business Analyst'
2026-08-25 00:31:42,343 - INFO - Fetched and processed 20 records for country='gb', keyword='Business Analyst', page=2
2026-08-25 00:31:44,048 - INFO - Querying Adzuna API for country='gb', page=1, keyword='Data Engineer'
2026-08-25 00:31:44,800 - INFO - Fetched and processed 20 records for country='gb', keyword='Data Engineer', page=1
2026-08-25 00:31:46,114 - INFO - Querying Adzuna API for country='gb', page=2, keyword='Data Engineer'
2026-08-25 00:31:46,832 - INFO - Fetched and processed 20 records for country='gb', keyword='Data Engineer', page=2
2026-08-25 00:31:48,265 - INFO - Pipeline executed successfully. Saved 400 JSON objects to data/raw/api_jobs_20260825_003148.json
2026-08-26 00:32:09,375 - INFO - Querying Adzuna API for country='in', page=1, keyword='Developer'
2026-08-26 00:32:09,823 - INFO - Fetched and processed 20 records for country='in', keyword='Developer', page=1
2026-08-26 00:32:10,855 - INFO - Querying Adzuna API for country='in', page=2, keyword='Developer'
2026-08-26 00:32:11,107 - INFO - Fetched and processed 20 records for country='in', keyword='Developer', page=2
2026-08-26 00:32:12,428 - INFO - Querying Adzuna API for country='in', page=1, keyword='Data Analyst'
2026-08-26 00:32:12,719 - INFO - Fetched and processed 20 records for country='in', keyword='Data Analyst', page=1
2026-08-26 00:32:14,200 - INFO - Querying Adzuna API for country='in', page=2, keyword='Data Analyst'
2026-08-26 00:32:14,532 - INFO - Fetched and processed 20 records for country='in', keyword='Data Analyst', page=2
2026-08-26 00:32:16,087 - INFO - Querying Adzuna API for country='in', page=1, keyword='Data Scientist'
2026-08-26 00:32:16,409 - INFO - Fetched and processed 20 records for country='in', keyword='Data Scientist', page=1
2026-08-26 00:32:18,300 - INFO - Querying Adzuna API for country='in', page=2, keyword='Data Scientist'
2026-08-26 00:32:18,556 - INFO - Fetched and processed 20 records for country='in', keyword='Data Scientist', page=2
2026-08-26 00:32:20,529 - INFO - Querying Adzuna API for country='in', page=1, keyword='Business Analyst'
2026-08-26 00:32:20,956 - INFO - Fetched and processed 20 records for country='in', keyword='Business Analyst', page=1
2026-08-26 00:32:22,794 - INFO - Querying Adzuna API for country='in', page=2, keyword='Business Analyst'
2026-08-26 00:32:23,193 - INFO - Fetched and processed 20 records for country='in', keyword='Business Analyst', page=2
2026-08-26 00:32:24,407 - INFO - Querying Adzuna API for country='in', page=1, keyword='Data Engineer'
2026-08-26 00:32:24,789 - INFO - Fetched and processed 20 records for country='in', keyword='Data Engineer', page=1
2026-08-26 00:32:26,091 - INFO - Querying Adzuna API for country='in', page=2, keyword='Data Engineer'
2026-08-26 00:32:26,448 - INFO - Fetched and processed 20 records for country='in', keyword='Data Engineer', page=2
2026-08-26 00:32:27,756 - INFO - Querying Adzuna API for country='gb', page=1, keyword='Developer'
2026-08-26 00:32:28,173 - INFO - Fetched and processed 20 records for country='gb', keyword='Developer', page=1
2026-08-26 00:32:29,175 - INFO - Querying Adzuna API for country='gb', page=2, keyword='Developer'
2026-08-26 00:32:29,640 - INFO - Fetched and processed 20 records for country='gb', keyword='Developer', page=2
2026-08-26 00:32:31,011 - INFO - Querying Adzuna API for country='gb', page=1, keyword='Data Analyst'
2026-08-26 00:32:31,419 - INFO - Fetched and processed 20 records for country='gb', keyword='Data Analyst', page=1
2026-08-26 00:32:33,269 - INFO - Querying Adzuna API for country='gb', page=2, keyword='Data Analyst'
2026-08-26 00:32:33,590 - INFO - Fetched and processed 20 records for country='gb', keyword='Data Analyst', page=2
2026-08-26 00:32:35,186 - INFO - Querying Adzuna API for country='gb', page=1, keyword='Data Scientist'
2026-08-26 00:32:35,508 - INFO - Fetched and processed 20 records for country='gb', keyword='Data Scientist', page=1
2026-08-26 00:32:36,725 - INFO - Querying Adzuna API for country='gb', page=2, keyword='Data Scientist'
2026-08-26 00:32:36,986 - INFO - Fetched and processed 20 records for country='gb', keyword='Data Scientist', page=2
2026-08-26 00:32:38,937 - INFO - Querying Adzuna API for country='gb', page=1, keyword='Business Analyst'
2026-08-26 00:32:39,311 - INFO - Fetched and processed 20 records for country='gb', keyword='Business Analyst', page=1
2026-08-26 00:32:40,629 - INFO - Querying Adzuna API for country='gb', page=2, keyword='Business Analyst'
2026-08-26 00:32:40,991 - INFO - Fetched and processed 20 records for country='gb', keyword='Business Analyst', page=2
2026-08-26 00:32:42,252 - INFO - Querying Adzuna API for country='gb', page=1, keyword='Data Engineer'
2026-08-26 00:32:42,856 - INFO - Fetched and processed 20 records for country='gb', keyword='Data Engineer', page=1
2026-08-26 00:32:43,915 - INFO - Querying Adzuna API for country='gb', page=2, keyword='Data Engineer'
2026-08-26 00:32:44,401 - INFO - Fetched and processed 20 records for country='gb', keyword='Data Engineer', page=2
2026-08-26 00:32:45,949 - INFO - Pipeline executed successfully. Saved 400 JSON objects to data/raw/api_jobs_20260826_003245.json
2026-08-27 05:22:19,077 - INFO - Querying Adzuna API for country='in', page=1, keyword='Developer'
2026-08-27 05:22:19,914 - INFO - Fetched and processed 20 records for country='in', keyword='Developer', page=1
2026-08-27 05:22:21,286 - INFO - Querying Adzuna API for country='in', page=2, keyword='Developer'
2026-08-27 05:22:21,941 - INFO - Fetched and processed 20 records for country='in', keyword='Developer', page=2
2026-08-27 05:22:23,540 - INFO - Querying Adzuna API for country='in', page=1, keyword='Data Analyst'
2026-08-27 05:22:24,230 - INFO - Fetched and processed 20 records for country='in', keyword='Data Analyst', page=1
2026-08-27 05:22:25,626 - INFO - Querying Adzuna API for country='in', page=2, keyword='Data Analyst'
2026-08-27 05:22:26,233 - INFO - Fetched and processed 20 records for country='in', keyword='Data Analyst', page=2
2026-08-27 05:22:27,799 - INFO - Querying Adzuna API for country='in', page=1, keyword='Data Scientist'
2026-08-27 05:22:28,470 - INFO - Fetched and processed 20 records for country='in', keyword='Data Scientist', page=1
2026-08-27 05:22:30,089 - INFO - Querying Adzuna API for country='in', page=2, keyword='Data Scientist'
2026-08-27 05:22:30,758 - INFO - Fetched and processed 20 records for country='in', keyword='Data Scientist', page=2
2026-08-27 05:22:32,047 - INFO - Querying Adzuna API for country='in', page=1, keyword='Business Analyst'
2026-08-27 05:22:32,665 - INFO - Fetched and processed 20 records for country='in', keyword='Business Analyst', page=1
2026-08-27 05:22:34,301 - INFO - Querying Adzuna API for country='in', page=2, keyword='Business Analyst'
2026-08-27 05:22:34,938 - INFO - Fetched and processed 20 records for country='in', keyword='Business Analyst', page=2
2026-08-27 05:22:36,116 - INFO - Querying Adzuna API for country='in', page=1, keyword='Data Engineer'
2026-08-27 05:22:36,757 - INFO - Fetched and processed 20 records for country='in', keyword='Data Engineer', page=1
2026-08-27 05:22:38,186 - INFO - Querying Adzuna API for country='in', page=2, keyword='Data Engineer'
2026-08-27 05:22:38,845 - INFO - Fetched and processed 20 records for country='in', keyword='Data Engineer', page=2
2026-08-27 05:22:40,040 - INFO - Querying Adzuna API for country='gb', page=1, keyword='Developer'
2026-08-27 05:22:40,721 - INFO - Fetched and processed 20 records for country='gb', keyword='Developer', page=1
2026-08-27 05:22:42,015 - INFO - Querying Adzuna API for country='gb', page=2, keyword='Developer'
2026-08-27 05:22:42,878 - INFO - Fetched and processed 20 records for country='gb', keyword='Developer', page=2
2026-08-27 05:22:44,251 - INFO - Querying Adzuna API for country='gb', page=1, keyword='Data Analyst'
2026-08-27 05:22:44,817 - INFO - Fetched and processed 20 records for country='gb', keyword='Data Analyst', page=1
2026-08-27 05:22:46,437 - INFO - Querying Adzuna API for country='gb', page=2, keyword='Data Analyst'
2026-08-27 05:22:47,108 - INFO - Fetched and processed 20 records for country='gb', keyword='Data Analyst', page=2
2026-08-27 05:22:48,258 - INFO - Querying Adzuna API for country='gb', page=1, keyword='Data Scientist'
2026-08-27 05:22:48,984 - INFO - Fetched and processed 20 records for country='gb', keyword='Data Scientist', page=1
2026-08-27 05:22:50,823 - INFO - Querying Adzuna API for country='gb', page=2, keyword='Data Scientist'
2026-08-27 05:22:51,646 - INFO - Fetched and processed 20 records for country='gb', keyword='Data Scientist', page=2
2026-08-27 05:22:53,019 - INFO - Querying Adzuna API for country='gb', page=1, keyword='Business Analyst'
2026-08-27 05:22:53,696 - INFO - Fetched and processed 20 records for country='gb', keyword='Business Analyst', page=1
2026-08-27 05:22:55,241 - INFO - Querying Adzuna API for country='gb', page=2, keyword='Business Analyst'
2026-08-27 05:22:55,927 - INFO - Fetched and processed 20 records for country='gb', keyword='Business Analyst', page=2
2026-08-27 05:22:57,215 - INFO - Querying Adzuna API for country='gb', page=1, keyword='Data Engineer'
2026-08-27 05:22:58,009 - INFO - Fetched and processed 20 records for country='gb', keyword='Data Engineer', page=1
2026-08-27 05:22:59,673 - INFO - Querying Adzuna API for country='gb', page=2, keyword='Data Engineer'
2026-08-27 05:23:00,381 - INFO - Fetched and processed 20 records for country='gb', keyword='Data Engineer', page=2
2026-08-27 05:23:02,089 - INFO - Pipeline executed successfully. Saved 400 JSON objects to data/raw/api_jobs_20260827_052302.json
2026-08-28 07:19:19,578 - INFO - Querying Adzuna API for country='in', page=1, keyword='Developer'
2026-08-28 07:19:20,075 - INFO - Fetched and processed 20 records for country='in', keyword='Developer', page=1
2026-08-28 07:19:21,465 - INFO - Querying Adzuna API for country='in', page=2, keyword='Developer'
2026-08-28 07:19:21,865 - INFO - Fetched and processed 20 records for country='in', keyword='Developer', page=2
2026-08-28 07:19:23,269 - INFO - Querying Adzuna API for country='in', page=1, keyword='Data Analyst'
2026-08-28 07:19:23,617 - INFO - Fetched and processed 20 records for country='in', keyword='Data Analyst', page=1
2026-08-28 07:19:25,493 - INFO - Querying Adzuna API for country='in', page=2, keyword='Data Analyst'
2026-08-28 07:19:25,908 - INFO - Fetched and processed 20 records for country='in', keyword='Data Analyst', page=2
2026-08-28 07:19:27,547 - INFO - Querying Adzuna API for country='in', page=1, keyword='Data Scientist'
2026-08-28 07:19:27,964 - INFO - Fetched and processed 20 records for country='in', keyword='Data Scientist', page=1
2026-08-28 07:19:29,256 - INFO - Querying Adzuna API for country='in', page=2, keyword='Data Scientist'
2026-08-28 07:19:29,684 - INFO - Fetched and processed 20 records for country='in', keyword='Data Scientist', page=2
2026-08-28 07:19:31,462 - INFO - Querying Adzuna API for country='in', page=1, keyword='Business Analyst'
2026-08-28 07:19:31,882 - INFO - Fetched and processed 20 records for country='in', keyword='Business Analyst', page=1
2026-08-28 07:19:33,147 - INFO - Querying Adzuna API for country='in', page=2, keyword='Business Analyst'
2026-08-28 07:19:33,653 - INFO - Fetched and processed 20 records for country='in', keyword='Business Analyst', page=2
2026-08-28 07:19:34,843 - INFO - Querying Adzuna API for country='in', page=1, keyword='Data Engineer'
2026-08-28 07:19:35,295 - INFO - Fetched and processed 20 records for country='in', keyword='Data Engineer', page=1
2026-08-28 07:19:37,189 - INFO - Querying Adzuna API for country='in', page=2, keyword='Data Engineer'
2026-08-28 07:19:37,551 - INFO - Fetched and processed 20 records for country='in', keyword='Data Engineer', page=2
2026-08-28 07:19:39,431 - INFO - Querying Adzuna API for country='gb', page=1, keyword='Developer'
2026-08-28 07:19:39,976 - INFO - Fetched and processed 20 records for country='gb', keyword='Developer', page=1
2026-08-28 07:19:41,846 - INFO - Querying Adzuna API for country='gb', page=2, keyword='Developer'
2026-08-28 07:19:42,313 - INFO - Fetched and processed 20 records for country='gb', keyword='Developer', page=2
2026-08-28 07:19:43,580 - INFO - Querying Adzuna API for country='gb', page=1, keyword='Data Analyst'
2026-08-28 07:19:44,006 - INFO - Fetched and processed 20 records for country='gb', keyword='Data Analyst', page=1
2026-08-28 07:19:45,474 - INFO - Querying Adzuna API for country='gb', page=2, keyword='Data Analyst'
2026-08-28 07:19:45,864 - INFO - Fetched and processed 20 records for country='gb', keyword='Data Analyst', page=2
2026-08-28 07:19:47,375 - INFO - Querying Adzuna API for country='gb', page=1, keyword='Data Scientist'
2026-08-28 07:19:47,835 - INFO - Fetched and processed 20 records for country='gb', keyword='Data Scientist', page=1
2026-08-28 07:19:49,803 - INFO - Querying Adzuna API for country='gb', page=2, keyword='Data Scientist'
2026-08-28 07:19:50,234 - INFO - Fetched and processed 20 records for country='gb', keyword='Data Scientist', page=2
2026-08-28 07:19:51,612 - INFO - Querying Adzuna API for country='gb', page=1, keyword='Business Analyst'
2026-08-28 07:19:52,079 - INFO - Fetched and processed 20 records for country='gb', keyword='Business Analyst', page=1
2026-08-28 07:19:53,468 - INFO - Querying Adzuna API for country='gb', page=2, keyword='Business Analyst'
2026-08-28 07:19:53,859 - INFO - Fetched and processed 20 records for country='gb', keyword='Business Analyst', page=2
2026-08-28 07:19:54,915 - INFO - Querying Adzuna API for country='gb', page=1, keyword='Data Engineer'
2026-08-28 07:19:55,323 - INFO - Fetched and processed 20 records for country='gb', keyword='Data Engineer', page=1
2026-08-28 07:19:56,706 - INFO - Querying Adzuna API for country='gb', page=2, keyword='Data Engineer'
2026-08-28 07:19:57,305 - INFO - Fetched and processed 20 records for country='gb', keyword='Data Engineer', page=2
2026-08-28 07:19:59,180 - INFO - Pipeline executed successfully. Saved 400 JSON objects to data/raw/api_jobs_20260828_071959.json
2026-08-29 04:30:35,489 - INFO - Querying Adzuna API for country='in', page=1, keyword='Developer'
2026-08-29 04:30:36,522 - INFO - Fetched and processed 20 records for country='in', keyword='Developer', page=1
2026-08-29 04:30:38,205 - INFO - Querying Adzuna API for country='in', page=2, keyword='Developer'
2026-08-29 04:30:38,840 - INFO - Fetched and processed 20 records for country='in', keyword='Developer', page=2
2026-08-29 04:30:40,658 - INFO - Querying Adzuna API for country='in', page=1, keyword='Data Analyst'
2026-08-29 04:30:41,289 - INFO - Fetched and processed 20 records for country='in', keyword='Data Analyst', page=1
2026-08-29 04:30:43,288 - INFO - Querying Adzuna API for country='in', page=2, keyword='Data Analyst'
2026-08-29 04:30:44,617 - INFO - Fetched and processed 20 records for country='in', keyword='Data Analyst', page=2
2026-08-29 04:30:45,668 - INFO - Querying Adzuna API for country='in', page=1, keyword='Data Scientist'
2026-08-29 04:30:46,373 - INFO - Fetched and processed 20 records for country='in', keyword='Data Scientist', page=1
2026-08-29 04:30:47,699 - INFO - Querying Adzuna API for country='in', page=2, keyword='Data Scientist'
2026-08-29 04:30:48,631 - INFO - Fetched and processed 20 records for country='in', keyword='Data Scientist', page=2
2026-08-29 04:30:50,357 - INFO - Querying Adzuna API for country='in', page=1, keyword='Business Analyst'
2026-08-29 04:30:51,157 - INFO - Fetched and processed 20 records for country='in', keyword='Business Analyst', page=1
2026-08-29 04:30:53,072 - INFO - Querying Adzuna API for country='in', page=2, keyword='Business Analyst'
2026-08-29 04:30:53,697 - INFO - Fetched and processed 20 records for country='in', keyword='Business Analyst', page=2
2026-08-29 04:30:55,239 - INFO - Querying Adzuna API for country='in', page=1, keyword='Data Engineer'
2026-08-29 04:30:56,180 - INFO - Fetched and processed 20 records for country='in', keyword='Data Engineer', page=1
2026-08-29 04:30:57,233 - INFO - Querying Adzuna API for country='in', page=2, keyword='Data Engineer'
2026-08-29 04:30:58,079 - INFO - Fetched and processed 20 records for country='in', keyword='Data Engineer', page=2
2026-08-29 04:30:59,927 - INFO - Querying Adzuna API for country='gb', page=1, keyword='Developer'
2026-08-29 04:31:00,601 - INFO - Fetched and processed 20 records for country='gb', keyword='Developer', page=1
2026-08-29 04:31:01,660 - INFO - Querying Adzuna API for country='gb', page=2, keyword='Developer'
2026-08-29 04:31:02,674 - INFO - Fetched and processed 20 records for country='gb', keyword='Developer', page=2
2026-08-29 04:31:04,669 - INFO - Querying Adzuna API for country='gb', page=1, keyword='Data Analyst'
2026-08-29 04:31:05,309 - INFO - Fetched and processed 20 records for country='gb', keyword='Data Analyst', page=1
2026-08-29 04:31:06,678 - INFO - Querying Adzuna API for country='gb', page=2, keyword='Data Analyst'
2026-08-29 04:31:07,400 - INFO - Fetched and processed 20 records for country='gb', keyword='Data Analyst', page=2
2026-08-29 04:31:09,071 - INFO - Querying Adzuna API for country='gb', page=1, keyword='Data Scientist'
2026-08-29 04:31:09,868 - INFO - Fetched and processed 20 records for country='gb', keyword='Data Scientist', page=1
2026-08-29 04:31:11,310 - INFO - Querying Adzuna API for country='gb', page=2, keyword='Data Scientist'
2026-08-29 04:31:11,903 - INFO - Fetched and processed 20 records for country='gb', keyword='Data Scientist', page=2
2026-08-29 04:31:13,530 - INFO - Querying Adzuna API for country='gb', page=1, keyword='Business Analyst'
2026-08-29 04:31:14,549 - INFO - Fetched and processed 20 records for country='gb', keyword='Business Analyst', page=1
2026-08-29 04:31:16,449 - INFO - Querying Adzuna API for country='gb', page=2, keyword='Business Analyst'
2026-08-29 04:31:17,161 - INFO - Fetched and processed 20 records for country='gb', keyword='Business Analyst', page=2
2026-08-29 04:31:18,971 - INFO - Querying Adzuna API for country='gb', page=1, keyword='Data Engineer'
2026-08-29 04:31:19,592 - INFO - Fetched and processed 20 records for country='gb', keyword='Data Engineer', page=1
2026-08-29 04:31:20,754 - INFO - Querying Adzuna API for country='gb', page=2, keyword='Data Engineer'
2026-08-29 04:31:21,320 - INFO - Fetched and processed 20 records for country='gb', keyword='Data Engineer', page=2
2026-08-29 04:31:22,603 - INFO - Pipeline executed successfully. Saved 400 JSON objects to data/raw/api_jobs_20260829_043122.json
2026-08-30 01:59:07,661 - INFO - Querying Adzuna API for country='in', page=1, keyword='Developer'
2026-08-30 01:59:08,501 - INFO - Fetched and processed 20 records for country='in', keyword='Developer', page=1
2026-08-30 01:59:10,417 - INFO - Querying Adzuna API for country='in', page=2, keyword='Developer'
2026-08-30 01:59:10,994 - INFO - Fetched and processed 20 records for country='in', keyword='Developer', page=2
2026-08-30 01:59:12,599 - INFO - Querying Adzuna API for country='in', page=1, keyword='Data Analyst'
2026-08-30 01:59:13,176 - INFO - Fetched and processed 20 records for country='in', keyword='Data Analyst', page=1
2026-08-30 01:59:15,174 - INFO - Querying Adzuna API for country='in', page=2, keyword='Data Analyst'
2026-08-30 01:59:15,810 - INFO - Fetched and processed 20 records for country='in', keyword='Data Analyst', page=2
2026-08-30 01:59:16,862 - INFO - Querying Adzuna API for country='in', page=1, keyword='Data Scientist'
2026-08-30 01:59:17,450 - INFO - Fetched and processed 20 records for country='in', keyword='Data Scientist', page=1
2026-08-30 01:59:18,998 - INFO - Querying Adzuna API for country='in', page=2, keyword='Data Scientist'
2026-08-30 01:59:19,870 - INFO - Fetched and processed 20 records for country='in', keyword='Data Scientist', page=2
2026-08-30 01:59:21,118 - INFO - Querying Adzuna API for country='in', page=1, keyword='Business Analyst'
2026-08-30 01:59:21,803 - INFO - Fetched and processed 20 records for country='in', keyword='Business Analyst', page=1
2026-08-30 01:59:23,578 - INFO - Querying Adzuna API for country='in', page=2, keyword='Business Analyst'
2026-08-30 01:59:24,283 - INFO - Fetched and processed 20 records for country='in', keyword='Business Analyst', page=2
2026-08-30 01:59:25,490 - INFO - Querying Adzuna API for country='in', page=1, keyword='Data Engineer'
2026-08-30 01:59:26,235 - INFO - Fetched and processed 20 records for country='in', keyword='Data Engineer', page=1
2026-08-30 01:59:27,968 - INFO - Querying Adzuna API for country='in', page=2, keyword='Data Engineer'
2026-08-30 01:59:28,749 - INFO - Fetched and processed 20 records for country='in', keyword='Data Engineer', page=2
2026-08-30 01:59:30,552 - INFO - Querying Adzuna API for country='gb', page=1, keyword='Developer'
2026-08-30 01:59:31,455 - INFO - Fetched and processed 20 records for country='gb', keyword='Developer', page=1
2026-08-30 01:59:32,898 - INFO - Querying Adzuna API for country='gb', page=2, keyword='Developer'
2026-08-30 01:59:33,625 - INFO - Fetched and processed 20 records for country='gb', keyword='Developer', page=2
2026-08-30 01:59:35,523 - INFO - Querying Adzuna API for country='gb', page=1, keyword='Data Analyst'
2026-08-30 01:59:36,275 - INFO - Fetched and processed 20 records for country='gb', keyword='Data Analyst', page=1
2026-08-30 01:59:38,182 - INFO - Querying Adzuna API for country='gb', page=2, keyword='Data Analyst'
2026-08-30 01:59:39,052 - INFO - Fetched and processed 20 records for country='gb', keyword='Data Analyst', page=2
2026-08-30 01:59:40,940 - INFO - Querying Adzuna API for country='gb', page=1, keyword='Data Scientist'
2026-08-30 01:59:41,669 - INFO - Fetched and processed 20 records for country='gb', keyword='Data Scientist', page=1
2026-08-30 01:59:43,491 - INFO - Querying Adzuna API for country='gb', page=2, keyword='Data Scientist'
2026-08-30 01:59:44,146 - INFO - Fetched and processed 20 records for country='gb', keyword='Data Scientist', page=2
2026-08-30 01:59:46,029 - INFO - Querying Adzuna API for country='gb', page=1, keyword='Business Analyst'
2026-08-30 01:59:46,644 - INFO - Fetched and processed 20 records for country='gb', keyword='Business Analyst', page=1
2026-08-30 01:59:47,798 - INFO - Querying Adzuna API for country='gb', page=2, keyword='Business Analyst'
2026-08-30 01:59:48,396 - INFO - Fetched and processed 20 records for country='gb', keyword='Business Analyst', page=2
2026-08-30 01:59:49,620 - INFO - Querying Adzuna API for country='gb', page=1, keyword='Data Engineer'
2026-08-30 01:59:50,328 - INFO - Fetched and processed 20 records for country='gb', keyword='Data Engineer', page=1
2026-08-30 01:59:52,254 - INFO - Querying Adzuna API for country='gb', page=2, keyword='Data Engineer'
2026-08-30 01:59:52,988 - INFO - Fetched and processed 20 records for country='gb', keyword='Data Engineer', page=2
2026-08-30 01:59:54,682 - INFO - Pipeline executed successfully. Saved 400 JSON objects to data/raw/api_jobs_20260830_015954.json
2026-08-31 01:55:11,527 - INFO - Querying Adzuna API for country='in', page=1, keyword='Developer'
2026-08-31 01:55:12,082 - INFO - Fetched and processed 20 records for country='in', keyword='Developer', page=1
2026-08-31 01:55:13,264 - INFO - Querying Adzuna API for country='in', page=2, keyword='Developer'
2026-08-31 01:55:13,611 - INFO - Fetched and processed 20 records for country='in', keyword='Developer', page=2
2026-08-31 01:55:14,992 - INFO - Querying Adzuna API for country='in', page=1, keyword='Data Analyst'
2026-08-31 01:55:15,359 - INFO - Fetched and processed 20 records for country='in', keyword='Data Analyst', page=1
2026-08-31 01:55:16,645 - INFO - Querying Adzuna API for country='in', page=2, keyword='Data Analyst'
2026-08-31 01:55:17,177 - INFO - Fetched and processed 20 records for country='in', keyword='Data Analyst', page=2
2026-08-31 01:55:18,515 - INFO - Querying Adzuna API for country='in', page=1, keyword='Data Scientist'
2026-08-31 01:55:18,833 - INFO - Fetched and processed 20 records for country='in', keyword='Data Scientist', page=1
2026-08-31 01:55:20,601 - INFO - Querying Adzuna API for country='in', page=2, keyword='Data Scientist'
2026-08-31 01:55:21,085 - INFO - Fetched and processed 20 records for country='in', keyword='Data Scientist', page=2
2026-08-31 01:55:23,041 - INFO - Querying Adzuna API for country='in', page=1, keyword='Business Analyst'
2026-08-31 01:55:23,468 - INFO - Fetched and processed 20 records for country='in', keyword='Business Analyst', page=1
2026-08-31 01:55:25,364 - INFO - Querying Adzuna API for country='in', page=2, keyword='Business Analyst'
2026-08-31 01:55:25,810 - INFO - Fetched and processed 20 records for country='in', keyword='Business Analyst', page=2
2026-08-31 01:55:27,133 - INFO - Querying Adzuna API for country='in', page=1, keyword='Data Engineer'
2026-08-31 01:55:27,446 - INFO - Fetched and processed 20 records for country='in', keyword='Data Engineer', page=1
2026-08-31 01:55:28,678 - INFO - Querying Adzuna API for country='in', page=2, keyword='Data Engineer'
2026-08-31 01:55:29,044 - INFO - Fetched and processed 20 records for country='in', keyword='Data Engineer', page=2
2026-08-31 01:55:30,400 - INFO - Querying Adzuna API for country='gb', page=1, keyword='Developer'
2026-08-31 01:55:30,953 - INFO - Fetched and processed 20 records for country='gb', keyword='Developer', page=1
2026-08-31 01:55:32,627 - INFO - Querying Adzuna API for country='gb', page=2, keyword='Developer'
2026-08-31 01:55:33,122 - INFO - Fetched and processed 20 records for country='gb', keyword='Developer', page=2
2026-08-31 01:55:34,520 - INFO - Querying Adzuna API for country='gb', page=1, keyword='Data Analyst'
2026-08-31 01:55:34,850 - INFO - Fetched and processed 20 records for country='gb', keyword='Data Analyst', page=1
2026-08-31 01:55:35,915 - INFO - Querying Adzuna API for country='gb', page=2, keyword='Data Analyst'
2026-08-31 01:55:36,333 - INFO - Fetched and processed 20 records for country='gb', keyword='Data Analyst', page=2
2026-08-31 01:55:37,565 - INFO - Querying Adzuna API for country='gb', page=1, keyword='Data Scientist'
2026-08-31 01:55:37,994 - INFO - Fetched and processed 20 records for country='gb', keyword='Data Scientist', page=1
2026-08-31 01:55:39,718 - INFO - Querying Adzuna API for country='gb', page=2, keyword='Data Scientist'
2026-08-31 01:55:40,080 - INFO - Fetched and processed 20 records for country='gb', keyword='Data Scientist', page=2
2026-08-31 01:55:41,743 - INFO - Querying Adzuna API for country='gb', page=1, keyword='Business Analyst'
2026-08-31 01:55:42,167 - INFO - Fetched and processed 20 records for country='gb', keyword='Business Analyst', page=1
2026-08-31 01:55:43,948 - INFO - Querying Adzuna API for country='gb', page=2, keyword='Business Analyst'
2026-08-31 01:55:44,408 - INFO - Fetched and processed 20 records for country='gb', keyword='Business Analyst', page=2
2026-08-31 01:55:46,293 - INFO - Querying Adzuna API for country='gb', page=1, keyword='Data Engineer'
2026-08-31 01:55:46,695 - INFO - Fetched and processed 20 records for country='gb', keyword='Data Engineer', page=1
2026-08-31 01:55:47,718 - INFO - Querying Adzuna API for country='gb', page=2, keyword='Data Engineer'
2026-08-31 01:55:48,116 - INFO - Fetched and processed 20 records for country='gb', keyword='Data Engineer', page=2
2026-08-31 01:55:49,637 - INFO - Pipeline executed successfully. Saved 400 JSON objects to data/raw/api_jobs_20260831_015549.json
2026-09-01 02:17:17,123 - INFO - Querying Adzuna API for country='in', page=1, keyword='Developer'
2026-09-01 02:17:18,013 - INFO - Fetched and processed 20 records for country='in', keyword='Developer', page=1
2026-09-01 02:17:19,966 - INFO - Querying Adzuna API for country='in', page=2, keyword='Developer'
2026-09-01 02:17:20,611 - INFO - Fetched and processed 20 records for country='in', keyword='Developer', page=2
2026-09-01 02:17:21,646 - INFO - Querying Adzuna API for country='in', page=1, keyword='Data Analyst'
2026-09-01 02:17:22,198 - INFO - Fetched and processed 20 records for country='in', keyword='Data Analyst', page=1
2026-09-01 02:17:23,953 - INFO - Querying Adzuna API for country='in', page=2, keyword='Data Analyst'
2026-09-01 02:17:24,527 - INFO - Fetched and processed 20 records for country='in', keyword='Data Analyst', page=2
2026-09-01 02:17:26,238 - INFO - Querying Adzuna API for country='in', page=1, keyword='Data Scientist'
2026-09-01 02:17:26,846 - INFO - Fetched and processed 20 records for country='in', keyword='Data Scientist', page=1
2026-09-01 02:17:28,742 - INFO - Querying Adzuna API for country='in', page=2, keyword='Data Scientist'
2026-09-01 02:17:29,381 - INFO - Fetched and processed 20 records for country='in', keyword='Data Scientist', page=2
2026-09-01 02:17:30,485 - INFO - Querying Adzuna API for country='in', page=1, keyword='Business Analyst'
2026-09-01 02:17:31,073 - INFO - Fetched and processed 20 records for country='in', keyword='Business Analyst', page=1
2026-09-01 02:17:32,184 - INFO - Querying Adzuna API for country='in', page=2, keyword='Business Analyst'
2026-09-01 02:17:32,798 - INFO - Fetched and processed 20 records for country='in', keyword='Business Analyst', page=2
2026-09-01 02:17:34,728 - INFO - Querying Adzuna API for country='in', page=1, keyword='Data Engineer'
2026-09-01 02:17:35,382 - INFO - Fetched and processed 20 records for country='in', keyword='Data Engineer', page=1
2026-09-01 02:17:37,266 - INFO - Querying Adzuna API for country='in', page=2, keyword='Data Engineer'
2026-09-01 02:17:37,867 - INFO - Fetched and processed 20 records for country='in', keyword='Data Engineer', page=2
2026-09-01 02:17:39,547 - INFO - Querying Adzuna API for country='gb', page=1, keyword='Developer'
2026-09-01 02:17:40,236 - INFO - Fetched and processed 20 records for country='gb', keyword='Developer', page=1
2026-09-01 02:17:41,920 - INFO - Querying Adzuna API for country='gb', page=2, keyword='Developer'
2026-09-01 02:17:42,556 - INFO - Fetched and processed 20 records for country='gb', keyword='Developer', page=2
2026-09-01 02:17:44,198 - INFO - Querying Adzuna API for country='gb', page=1, keyword='Data Analyst'
2026-09-01 02:17:44,819 - INFO - Fetched and processed 20 records for country='gb', keyword='Data Analyst', page=1
2026-09-01 02:17:45,996 - INFO - Querying Adzuna API for country='gb', page=2, keyword='Data Analyst'
2026-09-01 02:17:46,535 - INFO - Fetched and processed 20 records for country='gb', keyword='Data Analyst', page=2
2026-09-01 02:17:48,110 - INFO - Querying Adzuna API for country='gb', page=1, keyword='Data Scientist'
2026-09-01 02:17:48,820 - INFO - Fetched and processed 20 records for country='gb', keyword='Data Scientist', page=1
2026-09-01 02:17:50,605 - INFO - Querying Adzuna API for country='gb', page=2, keyword='Data Scientist'
2026-09-01 02:17:51,301 - INFO - Fetched and processed 20 records for country='gb', keyword='Data Scientist', page=2
2026-09-01 02:17:52,399 - INFO - Querying Adzuna API for country='gb', page=1, keyword='Business Analyst'
2026-09-01 02:17:52,960 - INFO - Fetched and processed 20 records for country='gb', keyword='Business Analyst', page=1
2026-09-01 02:17:54,261 - INFO - Querying Adzuna API for country='gb', page=2, keyword='Business Analyst'
2026-09-01 02:17:54,846 - INFO - Fetched and processed 20 records for country='gb', keyword='Business Analyst', page=2
2026-09-01 02:17:56,109 - INFO - Querying Adzuna API for country='gb', page=1, keyword='Data Engineer'
2026-09-01 02:17:56,928 - INFO - Fetched and processed 20 records for country='gb', keyword='Data Engineer', page=1
2026-09-01 02:17:58,261 - INFO - Querying Adzuna API for country='gb', page=2, keyword='Data Engineer'
2026-09-01 02:17:58,950 - INFO - Fetched and processed 20 records for country='gb', keyword='Data Engineer', page=2
2026-09-01 02:17:59,996 - INFO - Pipeline executed successfully. Saved 400 JSON objects to data/raw/api_jobs_20260901_021759.json
2026-09-02 01:39:21,508 - INFO - Querying Adzuna API for country='in', page=1, keyword='Developer'
2026-09-02 01:39:22,387 - INFO - Fetched and processed 20 records for country='in', keyword='Developer', page=1
2026-09-02 01:39:23,966 - INFO - Querying Adzuna API for country='in', page=2, keyword='Developer'
2026-09-02 01:39:24,533 - INFO - Fetched and processed 20 records for country='in', keyword='Developer', page=2
2026-09-02 01:39:25,917 - INFO - Querying Adzuna API for country='in', page=1, keyword='Data Analyst'
2026-09-02 01:39:26,554 - INFO - Fetched and processed 20 records for country='in', keyword='Data Analyst', page=1
2026-09-02 01:39:27,713 - INFO - Querying Adzuna API for country='in', page=2, keyword='Data Analyst'
2026-09-02 01:39:28,370 - INFO - Fetched and processed 20 records for country='in', keyword='Data Analyst', page=2
2026-09-02 01:39:29,521 - INFO - Querying Adzuna API for country='in', page=1, keyword='Data Scientist'
2026-09-02 01:39:30,065 - INFO - Fetched and processed 20 records for country='in', keyword='Data Scientist', page=1
2026-09-02 01:39:31,198 - INFO - Querying Adzuna API for country='in', page=2, keyword='Data Scientist'
2026-09-02 01:39:31,802 - INFO - Fetched and processed 20 records for country='in', keyword='Data Scientist', page=2
2026-09-02 01:39:33,681 - INFO - Querying Adzuna API for country='in', page=1, keyword='Business Analyst'
2026-09-02 01:39:34,355 - INFO - Fetched and processed 20 records for country='in', keyword='Business Analyst', page=1
2026-09-02 01:39:35,437 - INFO - Querying Adzuna API for country='in', page=2, keyword='Business Analyst'
2026-09-02 01:39:35,992 - INFO - Fetched and processed 20 records for country='in', keyword='Business Analyst', page=2
2026-09-02 01:39:37,274 - INFO - Querying Adzuna API for country='in', page=1, keyword='Data Engineer'
2026-09-02 01:39:37,837 - INFO - Fetched and processed 20 records for country='in', keyword='Data Engineer', page=1
2026-09-02 01:39:39,549 - INFO - Querying Adzuna API for country='in', page=2, keyword='Data Engineer'
2026-09-02 01:39:40,079 - INFO - Fetched and processed 20 records for country='in', keyword='Data Engineer', page=2
2026-09-02 01:39:41,401 - INFO - Querying Adzuna API for country='gb', page=1, keyword='Developer'
2026-09-02 01:39:42,151 - INFO - Fetched and processed 20 records for country='gb', keyword='Developer', page=1
2026-09-02 01:39:43,942 - INFO - Querying Adzuna API for country='gb', page=2, keyword='Developer'
2026-09-02 01:39:44,862 - INFO - Fetched and processed 20 records for country='gb', keyword='Developer', page=2
2026-09-02 01:39:46,796 - INFO - Querying Adzuna API for country='gb', page=1, keyword='Data Analyst'
2026-09-02 01:39:47,501 - INFO - Fetched and processed 20 records for country='gb', keyword='Data Analyst', page=1
2026-09-02 01:39:49,261 - INFO - Querying Adzuna API for country='gb', page=2, keyword='Data Analyst'
2026-09-02 01:39:50,024 - INFO - Fetched and processed 20 records for country='gb', keyword='Data Analyst', page=2
2026-09-02 01:39:51,486 - INFO - Querying Adzuna API for country='gb', page=1, keyword='Data Scientist'
2026-09-02 01:39:52,123 - INFO - Fetched and processed 20 records for country='gb', keyword='Data Scientist', page=1
2026-09-02 01:39:53,629 - INFO - Querying Adzuna API for country='gb', page=2, keyword='Data Scientist'
2026-09-02 01:39:54,358 - INFO - Fetched and processed 20 records for country='gb', keyword='Data Scientist', page=2
2026-09-02 01:39:55,468 - INFO - Querying Adzuna API for country='gb', page=1, keyword='Business Analyst'
2026-09-02 01:39:56,163 - INFO - Fetched and processed 20 records for country='gb', keyword='Business Analyst', page=1
2026-09-02 01:39:57,878 - INFO - Querying Adzuna API for country='gb', page=2, keyword='Business Analyst'
2026-09-02 01:39:58,687 - INFO - Fetched and processed 20 records for country='gb', keyword='Business Analyst', page=2
2026-09-02 01:40:00,667 - INFO - Querying Adzuna API for country='gb', page=1, keyword='Data Engineer'
2026-09-02 01:40:01,503 - INFO - Fetched and processed 20 records for country='gb', keyword='Data Engineer', page=1
2026-09-02 01:40:02,536 - INFO - Querying Adzuna API for country='gb', page=2, keyword='Data Engineer'
2026-09-02 01:40:03,757 - INFO - Fetched and processed 20 records for country='gb', keyword='Data Engineer', page=2
2026-09-02 01:40:04,773 - INFO - Pipeline executed successfully. Saved 400 JSON objects to data/raw/api_jobs_20260902_014004.json
2026-09-03 01:44:17,333 - INFO - Querying Adzuna API for country='in', page=1, keyword='Developer'
2026-09-03 01:44:17,986 - INFO - Fetched and processed 20 records for country='in', keyword='Developer', page=1
2026-09-03 01:44:19,319 - INFO - Querying Adzuna API for country='in', page=2, keyword='Developer'
2026-09-03 01:44:19,952 - INFO - Fetched and processed 20 records for country='in', keyword='Developer', page=2
2026-09-03 01:44:21,532 - INFO - Querying Adzuna API for country='in', page=1, keyword='Data Analyst'
2026-09-03 01:44:22,016 - INFO - Fetched and processed 20 records for country='in', keyword='Data Analyst', page=1
2026-09-03 01:44:23,953 - INFO - Querying Adzuna API for country='in', page=2, keyword='Data Analyst'
2026-09-03 01:44:24,493 - INFO - Fetched and processed 20 records for country='in', keyword='Data Analyst', page=2
2026-09-03 01:44:26,120 - INFO - Querying Adzuna API for country='in', page=1, keyword='Data Scientist'
2026-09-03 01:44:26,627 - INFO - Fetched and processed 20 records for country='in', keyword='Data Scientist', page=1
2026-09-03 01:44:27,937 - INFO - Querying Adzuna API for country='in', page=2, keyword='Data Scientist'
2026-09-03 01:44:28,475 - INFO - Fetched and processed 20 records for country='in', keyword='Data Scientist', page=2
2026-09-03 01:44:30,046 - INFO - Querying Adzuna API for country='in', page=1, keyword='Business Analyst'
2026-09-03 01:44:30,587 - INFO - Fetched and processed 20 records for country='in', keyword='Business Analyst', page=1
2026-09-03 01:44:32,574 - INFO - Querying Adzuna API for country='in', page=2, keyword='Business Analyst'
2026-09-03 01:44:33,112 - INFO - Fetched and processed 20 records for country='in', keyword='Business Analyst', page=2
2026-09-03 01:44:34,178 - INFO - Querying Adzuna API for country='in', page=1, keyword='Data Engineer'
2026-09-03 01:44:34,732 - INFO - Fetched and processed 20 records for country='in', keyword='Data Engineer', page=1
2026-09-03 01:44:36,133 - INFO - Querying Adzuna API for country='in', page=2, keyword='Data Engineer'
2026-09-03 01:44:36,621 - INFO - Fetched and processed 20 records for country='in', keyword='Data Engineer', page=2
2026-09-03 01:44:37,730 - INFO - Querying Adzuna API for country='gb', page=1, keyword='Developer'
2026-09-03 01:44:38,453 - INFO - Fetched and processed 20 records for country='gb', keyword='Developer', page=1
2026-09-03 01:44:39,724 - INFO - Querying Adzuna API for country='gb', page=2, keyword='Developer'
2026-09-03 01:44:40,314 - INFO - Fetched and processed 20 records for country='gb', keyword='Developer', page=2
2026-09-03 01:44:41,647 - INFO - Querying Adzuna API for country='gb', page=1, keyword='Data Analyst'
2026-09-03 01:44:42,235 - INFO - Fetched and processed 20 records for country='gb', keyword='Data Analyst', page=1
2026-09-03 01:44:43,991 - INFO - Querying Adzuna API for country='gb', page=2, keyword='Data Analyst'
2026-09-03 01:44:44,451 - INFO - Fetched and processed 20 records for country='gb', keyword='Data Analyst', page=2
2026-09-03 01:44:45,595 - INFO - Querying Adzuna API for country='gb', page=1, keyword='Data Scientist'
2026-09-03 01:44:46,216 - INFO - Fetched and processed 20 records for country='gb', keyword='Data Scientist', page=1
2026-09-03 01:44:47,331 - INFO - Querying Adzuna API for country='gb', page=2, keyword='Data Scientist'
2026-09-03 01:44:47,958 - INFO - Fetched and processed 20 records for country='gb', keyword='Data Scientist', page=2
2026-09-03 01:44:49,363 - INFO - Querying Adzuna API for country='gb', page=1, keyword='Business Analyst'
2026-09-03 01:44:50,029 - INFO - Fetched and processed 20 records for country='gb', keyword='Business Analyst', page=1
2026-09-03 01:44:51,321 - INFO - Querying Adzuna API for country='gb', page=2, keyword='Business Analyst'
2026-09-03 01:44:51,879 - INFO - Fetched and processed 20 records for country='gb', keyword='Business Analyst', page=2
2026-09-03 01:44:53,327 - INFO - Querying Adzuna API for country='gb', page=1, keyword='Data Engineer'
2026-09-03 01:44:53,936 - INFO - Fetched and processed 20 records for country='gb', keyword='Data Engineer', page=1
2026-09-03 01:44:55,583 - INFO - Querying Adzuna API for country='gb', page=2, keyword='Data Engineer'
2026-09-03 01:44:56,107 - INFO - Fetched and processed 20 records for country='gb', keyword='Data Engineer', page=2
2026-09-03 01:44:57,132 - INFO - Pipeline executed successfully. Saved 400 JSON objects to data/raw/api_jobs_20260903_014457.json
